Phases,Date,Headline,URL,Type,What it Does,Role,Author,Desk,Image,Notes,Updates
,4/15/2013,April 15 Updates on Explosions at the Boston Marathon,http://thelede.blogs.nytimes.com/2013/04/15/live-updates-explosion-at-boston-marathon/?_r=0,Live Blog,,Major Update,Jennifer Preston and Robert Mackey,The Lede,Y,,4/15/2013 3:17PM;4/15/2013 11:51PM;
,4/15/2013,Blasts at Boston Marathon Kill 3 and Injure 100,http://www.nytimes.com/2013/04/16/us/explosions-reported-at-site-of-boston-marathon.html,Article,,Major Update,John Eligon and Michael Cooper,U.S.,Y,,4/16/2013 13:38;4/16/2013 6:31;4/16/2013 6:9;4/16/2013 2:13;4/16/2013 12:38;4/16/2013 12:16;4/15/2013 22:26;4/15/2013 21:34;4/15/2013 21:8;4/15/2013 19:59;4/15/2013 19:35;4/15/2013 19:7;4/15/2013 18:36;4/15/2013 18:13;4/15/2013 17:38;4/15/2013 16:59;4/15/2013 16:31;4/15/2013 15:47;4/15/2013 15:25;
,4/15/2013,War Zone at Mile 26: 'So Many People Without Legs',http://www.nytimes.com/2013/04/16/us/witnesses-describe-scene-of-carnage-after-blasts-at-boston-marathon.html,Article,,Major Update,Tim Rohan,U.S.,Y,,4/16/2013 12:39;4/16/2013 12:17;4/15/2013 22:27;4/15/2013 21:34;4/15/2013 21:9;4/15/2013 20:25;4/15/2013 19:35;4/15/2013 19:6;
,4/15/2013,Bombs at the Marathon,http://www.nytimes.com/2013/04/16/opinion/bombs-at-the-boston-marathon.html?mtrref=undefined&gwh=1CF89F2A2C96F1EC7DC8D3CCDBBE0D78&gwt=pay&assetType=opinion,Article,,Commentary,The Editorial Board,Opinion,N,,4/16/2013 11:20;4/15/2013 23:55;4/15/2013 21:33;
,4/15/2013,Red Sox Finish Game With Rays Before Bombing,http://www.nytimes.com/2013/04/16/sports/baseball/baseball-roundup.html?mtrref=undefined&gwh=CE61667811DA0C318A75F713C4A80646&gwt=pay,Article,,Fallout,AP,Sports,Y,,4/16/2013 12:38;4/15/2013 23:54;
,4/16/2013,Boston Games Are Off,http://www.nytimes.com/2013/04/16/sports/basketball/boston-games-are-off.html?mtrref=undefined,Article,,Fallout,AP,Sports,N,,08/09/2014 03:46:37 AM;08/22/2013 09:12:40 AM;05/30/2013 09:53:05 AM;04/18/2013 03:11:34 PM;04/17/2013 06:31:53 PM;04/17/2013 06:29:01 PM;04/16/2013 12:00:19 PM;04/16/2013 11:51:42 AM;04/16/2013 02:00:16 AM;04/16/2013 12:17:33 AM
,4/16/2013,Security Reviewed Abroad After Boston Bombings,http://rendezvous.blogs.nytimes.com/2013/04/16/security-reviewed-abroad-after-boston-bombings/?mtrref=undefined&mtrref=rendezvous.blogs.nytimes.com&mtrref=rendezvous.blogs.nytimes.com,Article,,Fallout,Harvey Morris,IHT Rendezvous,Y,,4/16/2013 4:21 AM;
,4/16/2013,April 16 Updates on Aftermath of Boston Marathon Explosions,http://thelede.blogs.nytimes.com/2013/04/16/live-updates-in-the-aftermath-of-the-boston-marathon-explosions/?mtrref=undefined&mtrref=thelede.blogs.nytimes.com,Live Blog,,Major Update,The New York Times,The Lede,Y,,4/16/2013 7:49AM; 4/17/2013 12:03AM
,4/16/2013,How Not to React to Boston,http://takingnote.blogs.nytimes.com/2013/04/16/how-not-to-react-to-boston/?mtrref=undefined&assetType=opinion&mtrref=takingnote.blogs.nytimes.com&assetType=opinion,Article,,Commentary,Lawrence Downes,Opinion,Y,,4/16/2013 14:07:00
,4/16/2013,Neighborhood Mourns Loss of 8-Year-Old Following Boston Blasts,http://thelede.blogs.nytimes.com/2013/04/16/neighborhood-mourns-loss-of-8-year-old-following-boston-blasts/?mtrref=undefined,Article,,New Perspectives,John Eligon,The Lede,Y,,4/16/2013 14:52:00
,4/16/2013,"After Bombings, Rivers Commends 'Spirit of Boston'",http://offthedribble.blogs.nytimes.com/2013/04/16/after-bombings-rivers-commends-spirit-of-boston/,Article,,Fallout,Peter May,Off The Dribble,Y,,4/16/2013 15:06:00
,4/16/2013,Rangers With Boston Connections Have Heavy Hearts,http://slapshot.blogs.nytimes.com/2013/04/16/rangers-with-boston-connections-have-heavy-hearts/,Article,,New Perspectives,Jeff Z. Klein,Slapshot,Y,,4/16/2013 16:10:00
,4/16/2013,Liberty Versus Security,http://bats.blogs.nytimes.com/2013/04/16/liberty-versus-security/,Article,,Fallout,William C. Rhoden,Bats,Y,,4/16/2013 19:29:00
,4/16/2013,Officials Urge Tight Security for London Marathon After Boston Bombs,http://www.nytimes.com/2013/04/17/world/europe/officials-urge-tight-security-for-london-marathon.html,Article,,Fallout,Alan Cowell,Europe,Y,,4/16/2013 11:46;4/16/2013 10:45;4/16/2013 9:26;4/16/2013 8:43;4/16/2013 7:34;4/16/2013 7:15;4/16/2013 6:51;4/16/2013 6:31;4/16/2013 6:8;
,4/16/2013,Boston Bombs Were Loaded to Maim,http://www.nytimes.com/2013/04/17/us/officials-investigate-boston-explosions.html,Article,,Major Update,"Katharine Q. Seelye, Eric Schmitt, and Scott Shane",U.S.,Y,,4/17/2013 7:56;4/17/2013 12:41;4/16/2013 23:46;4/16/2013 23:18;4/16/2013 22:13;4/16/2013 21:14;4/16/2013 18:57;4/16/2013 18:13;4/16/2013 17:28;4/16/2013 16:28;4/16/2013 16:6;4/16/2013 15:43;4/16/2013 14:58;4/16/2013 14:30;4/16/2013 14:11;4/16/2013 13:46;4/16/2013 13:22;4/16/2013 13:3;4/16/2013 12:32;4/16/2013 11:48;4/16/2013 11:19;4/16/2013 10:45;4/16/2013 9:59;4/16/2013 9:26;4/16/2013 9:6;4/16/2013 8:42;
,4/16/2013,"Living Through Terror, in Rawalpindi and Boston",http://www.nytimes.com/2013/04/17/opinion/living-through-terror-in-rawalpindi-and-boston.html,Article,,Commentary,Haider Javed Warraich ,Opinion,N,,4/16/2013 12:28;
,4/16/2013,Obama Calls Blasts an 'Act of Terrorism',http://www.nytimes.com/2013/04/17/us/politics/obama-calls-marathon-bombings-an-act-of-terrorism.html,Article,,Major Update,Mark Landler,Politics,Y,,4/16/2013 19:7;4/16/2013 13:0;
,4/16/2013,Bombings End Decade of Strikingly Few Successful Terrorism Attacks in U.S.,http://www.nytimes.com/2013/04/17/us/bombings-end-decade-without-terror-in-us.html,Article,,Analysis,Scott Shane,U.S.,N,,4/16/2013 20:39;4/16/2013 20:13;4/16/2013 18:41;4/16/2013 18:23;4/16/2013 14:30;4/16/2013 14:10;4/16/2013 13:44;4/16/2013 13:20;
,4/16/2013,Security Experts Wonder Whether Any Long Race Can Be Completely Safe,http://www.nytimes.com/2013/04/17/sports/security-is-a-challenge-for-sprawling-marathons.html,Article,,New Perspectives,Ken Belson,Sports,Y,,4/16/2013 23:58;4/16/2013 23:32;4/16/2013 21:44;4/16/2013 21:3;4/16/2013 15:44;4/16/2013 13:20;
,4/16/2013,T.V. Viewers Flock to News Programs After Boston Blasts,http://www.nytimes.com/2013/04/17/business/media/viewers-flock-to-tv-news-after-boston-blasts.html,Article,,New Perspectives,Bill Carter,Business,N,,4/17/2013 1:41;
,4/16/2013,Reflections on the Tragedy in Boston,http://www.nytimes.com/2013/04/17/opinion/reflections-on-the-tragedy-in-boston.html,Letters,,Commentary,Readers,Opinion,N,,4/17/2013 1:9;
,4/16/2013,Letter Mailed to Senator Tests Positive for Ricin,http://www.nytimes.com/2013/04/17/us/politics/toxic-ricin-detected-on-mail-sent-to-senator.html,Article,,Major Update,Jonathan Weisman,U.S.,N,,4/16/2013 21:2;4/16/2013 19:51;
,4/16/2013,"In Grisly Image, a Father Sees His Son",http://www.nytimes.com/2013/04/17/us/in-grisly-image-a-father-sees-his-son.html,Article,,New Perspectives,Tim Rohan,U.S.,Y,,4/16/2013 21:55;4/16/2013 21:37;4/16/2013 20:51;4/16/2013 20:26;4/16/2013 20:3;
,4/16/2013,Jeter Cuts Workload; Girardi Says It's No Setback,http://www.nytimes.com/2013/04/17/sports/baseball/joe-girardi-says-derek-jeters-scaled-back-workload-isnt-setback.html,Article,,Analysis,David Waldstein,Sports,Y,,4/16/2013 23:31;4/16/2013 22:14;4/16/2013 20:25;
,4/16/2013,"From Sandy Hook to Boylston Street, Terror Anew",http://www.nytimes.com/2013/04/17/nyregion/for-runners-from-newtown-one-tragedy-to-another.html,Article,,Analysis,Peter Applebome,N.Y./Region,Y,,4/18/2013 12:36;4/16/2013 21:26;4/16/2013 20:39;
,4/16/2013,Messing With the Wrong City,http://www.nytimes.com/2013/04/17/opinion/messing-with-the-wrong-city.html,Article,,Commentary,Dennis Lehane,Opinion,Y,,4/16/2013 21:54;
,4/16/2013,Bruins and Sabres Prepare to Play On After Bombings,http://www.nytimes.com/2013/04/17/sports/hockey/bruins-and-sabres-prepare-to-play-on-after-bombings.html,Article,,Fallout,AP,Sports,N,,4/16/2013 21:37;
,4/16/2013,Bring On the Next Marathon,http://www.nytimes.com/2013/04/17/opinion/friedman-bring-on-the-next-marathon.html,Article,,Commentary,Thomas Friedman,Opinion,N,,4/19/2013 12:17;4/17/2013 12:4;4/16/2013 21:54;
,4/16/2013,"Doctor Saved Lives, if Not Legs, in Boston",http://www.nytimes.com/2013/04/17/us/physical-legacy-of-bomb-blasts-could-be-cruel-for-boston-marathon-victims.html,Article,,New Perspectives,"Gina Kolata, Jeré Longman, and Mary Pilon",U.S.,Y,,4/17/2013 16:7;4/17/2013 10:11;4/17/2013 9:30;4/17/2013 9:9;4/17/2013 1:42;4/16/2013 23:59;4/16/2013 22:2;
,4/16/2013,"Victims, Ages 8 and 29, Remembered for Kindness and Laughter",http://www.nytimes.com/2013/04/17/us/victims-ages-8-and-29-remembered-for-kindness-and-laughter.html,Article,,New Perspectives,Binyamin Applebaum and John Eligon,U.S.,Y,,4/17/2013 21:25;4/17/2013 13:14;4/16/2013 22:48;
,4/16/2013,Officials Highlight Challenge of Protecting New York from Attacks,http://www.nytimes.com/2013/04/17/nyregion/officials-highlight-challenge-of-protecting-new-york-from-attacks.html,Article,,Fallout,Wendy Ruderman,N.Y./Region,Y,,4/17/2013 1:10;4/16/2013 22:34;
,4/17/2013,What Are 'Pressure Cooker' Bombs and Why Do Terrorists Use Them?,http://india.blogs.nytimes.com/2013/04/17/what-are-pressure-cooker-bombs-and-why-do-terrorists-use-them/,Article,,Explainer,Heather Timmons and Hari Kumar,India Ink,Y,,4/17/2013 4:42:00
,4/17/2013,April 17 Updates on the Aftermath of Boston Marathon Explosions,http://thelede.blogs.nytimes.com/2013/04/17/updates-on-the-aftermath-of-boston-marathon-explosions/,Live Blog,,Major Update,The New York Times,The Lede,Y,,4/17/2013 8:40 AM; 4/17/2013 9:03PM
,4/17/2013,Were You or Someone You Know at the Marathon Finish Line?,http://thelede.blogs.nytimes.com/2013/04/17/were-you-or-someone-you-know-at-the-marathon-finish-line/,Article,,New Perspectives,The New York Times,The Lede,Y,,4/17/2013 18:27:00
,4/17/2013,Grad Student With Eye on Career in Finance is Mourned in China,http://www.nytimes.com/2013/04/18/world/asia/china-mourns-the-death-of-student-in-boston-blast.html,Article,,New Perspectives,Chris Buckley,Asia Pacific,Y,,4/17/2013 20:15;4/17/2013 19:52;4/17/2013 12:44;4/17/2013 10:2;4/17/2013 9:39;4/17/2013 8:16;4/17/2013 5:42;4/17/2013 4:40;4/17/2013 4:21;4/17/2013 4:2;4/17/2013 3:38;
,4/17/2013,Suspicions in Boston Attack Turn to Man Seen in Videos,http://www.nytimes.com/2013/04/18/us/boston-investigation-moves-into-third-day.html,Article,,Major Update,"Katharine Q. Seelye, Michael S. Schmidt, and Scott Shane",U.S.,Y,,4/17/2013 22:42;4/17/2013 22:14;4/17/2013 21:26;4/17/2013 16:34;4/17/2013 16:17;4/17/2013 15:54;4/17/2013 15:33;4/17/2013 14:46;4/17/2013 14:13;4/17/2013 13:37;4/17/2013 13:12;4/17/2013 12:25;4/17/2013 12:3;4/17/2013 10:35;4/17/2013 9:53;4/17/2013 9:29;
,4/17/2013,The F.B.I. Criticizes the News Media After Several Mistaken Reports of an Arrest,http://www.nytimes.com/2013/04/18/business/media/fbi-criticizes-false-reports-of-a-bombing-arrest.html,Article,,Fallout,Bill Carter,Business,Y,,4/17/2013 23:36;4/17/2013 22:43;4/17/2013 21:55;4/17/2013 21:37;4/17/2013 21:6;4/17/2013 18:25;4/17/2013 18:5;
,4/17/2013,News Media Weigh Use of Photos of Carnage ,http://www.nytimes.com/2013/04/18/business/media/news-media-weigh-use-of-photos-of-carnage.html,Article,,New Perspectives,Christine Haughney,Business,Y,,4/17/2013 21:5;
,4/17/2013,Lessons From Military Surgeries Informed Treatment of Boston Victims,http://www.nytimes.com/2013/04/18/health/lessons-from-military-surgeries-informed-the-treatment-of-victims.html,Article,,New Perspectives,Gina Kolata,Health,N,,4/17/2013 21:38;4/17/2013 20:46;
,4/17/2013,War and Sports Shape Better Artificial Limbs,http://www.nytimes.com/2013/04/18/us/war-and-sports-shape-better-artificial-limbs.html,Article,,New Perspectives,James Dao,U.S.,Y,,4/19/2013 22:7;4/19/2013 12:0;4/17/2013 21:5;
,4/17/2013,What Have Been Your Reactions This Week to News About the Boston Marathon Bombings?,http://learning.blogs.nytimes.com/2013/04/18/what-have-been-your-reactions-this-week-to-news-about-the-boston-marathon-bombing/,Article,,New Perspectives,Michael Gonchar,The Learning Network,Y,,4/18/2013 5:00:00
,4/18/2013,April 18 Updates on Aftermath of Boston Marathon Explosions,http://thelede.blogs.nytimes.com/2013/04/18/updates-on-aftermath-of-boston-marathon-explosions/,Live Blog,,Major Update,"Christine Hauser, Jennifer Preston, Ravi Somaiya",The Lede,Y,,4/18/2013 10:35 AM; 4/18/2013 2:32 AM
,4/18/2013,"One on One: Tim Jones on Buzzient, Hunting Chatter on Explosives",http://bits.blogs.nytimes.com/2013/04/18/buzzient-boston-marathon-investigation/,Article,,New Perspectives,Amy O'Leary,Bits,Y,,4/18/2013 14:00:00
,4/18/2013,Finish Line,http://opinionator.blogs.nytimes.com/2013/04/18/finish-line/,Article,,Commentary,Timothy Egan,Opinion,Y,,4/18/2013 20:49:00
,4/18/2013,"New, Higher Resolution Image of Boston Marathon Suspect Emerges",http://thelede.blogs.nytimes.com/2013/04/18/new-higher-resolution-image-of-boston-marathon-suspect-emerges/,Article,,Major Update,Ravi Somaiya and Jeremy Zilar,The Lede,Y,,4/18/2013 23:13:00
,4/18/2013,F.B.I. Posts Images of Pair Suspected in Boston Attack,http://www.nytimes.com/2013/04/19/us/fbi-releases-video-of-boston-bombing-suspects.html,Article,,Major Update,"Katharine Q. Seelye, Michael Cooper, and Michael S. Schmidt",U.S.,Y,,4/19/2013 2:15;4/18/2013 22:9;4/18/2013 21:6;4/18/2013 18:52;4/18/2013 18:32;
,4/18/2013,"Where Finish Line is a Crime Scene, No Talk of Defeat",http://www.nytimes.com/2013/04/19/sports/near-boston-marathons-finish-line-no-talk-of-defeat.html,Article,,Analysis,Jeré Longman,Sports,Y,,4/22/2013 16:55;4/18/2013 20:27;4/18/2013 15:26;4/18/2013 13:46;4/18/2013 13:2;
,4/18/2013,"One Setback Met by Anger, Another by Resolve",http://www.nytimes.com/2013/04/19/us/politics/for-obama-two-setbacks-but-varying-responses.html,Article,,Analysis,Mark Landler,U.S.,Y,,4/18/2013 21:33;
,4/19/2013,April 19 Updates on Aftermath of Boston Explosions,http://thelede.blogs.nytimes.com/2013/04/19/updates-on-aftermath-of-boston-marathon-explosions-2/,Live Blog,,Major Update,The New York Times,The Lede,N,,4/19/2013 6:25:00; 4/20/2013 12:53 A.M.
,4/19/2013,Assembled Parties' Playwright Tweaks Play in Response to Boston Bombings,http://artsbeat.blogs.nytimes.com/2013/04/19/assembled-parties-playwright-tweaks-play-in-response-to-boston-bombings/,Article,,Fallout,Allan Kozinn,ArtsBeat,N,,4/19/2013 10:52:00
,4/19/2013,Americans Learn of Chechnya,http://rendezvous.blogs.nytimes.com/2013/04/19/americans-learn-of-chechnya/,Article,,New Perspectives,The International Herald Tribune,IHT Rendezvous,Y,,4/19/2013 17:21:00
,4/19/2013,2nd Bombing Suspect Caught After Frenzied Hunt Paralyzes Boston,http://www.nytimes.com/2013/04/20/us/boston-marathon-bombings.html,Article,,Major Update,"Katharine Q. Seelye, Michael Cooper, and William K. Rashbaum",U.S.,Y,,4/24/2013 18:1;4/20/2013 13:4;4/20/2013 1:43;4/20/2013 1:0;4/20/2013 12:19;4/19/2013 23:3;4/19/2013 22:38;4/19/2013 22:5;4/19/2013 21:35;4/19/2013 21:7;4/19/2013 20:22;4/19/2013 19:58;4/19/2013 19:35;4/19/2013 18:57;4/19/2013 18:27;4/19/2013 17:39;4/19/2013 16:54;4/19/2013 16:37;4/19/2013 16:15;4/19/2013 15:54;4/19/2013 15:34;4/19/2013 14:37;4/19/2013 14:13;4/19/2013 13:38;4/19/2013 13:18;4/19/2013 12:52;4/19/2013 12:34;4/19/2013 11:50;4/19/2013 11:29;4/19/2013 11:10;4/19/2013 10:52;4/19/2013 10:30;4/19/2013 10:13;4/19/2013 9:54;4/19/2013 9:36;4/19/2013 9:16;4/19/2013 8:55;4/19/2013 8:35;4/19/2013 8:15;4/19/2013 7:55;4/19/2013 7:31;4/19/2013 7:7;4/19/2013 6:43;4/19/2013 5:47;
,4/19/2013,Security at London Marathon Bolstered,http://www.nytimes.com/2013/04/20/world/europe/scotland-yard-bolsters-police-presence-at-london-marathon.html,Article,,Fallout,Alan Cowell,Europe,Y,,4/19/2013 19:38;4/19/2013 14:37;4/19/2013 13:28;4/19/2013 9:36;4/19/2013 8:55;
,4/19/2013,Eerie Stillness at the Center of a Frenzied Crime Scene,http://www.nytimes.com/2013/04/20/us/manhunt-creates-surreal-scene-in-boston-region.html,Article,,Fallout,Katharine Q. Seelye,U.S.,Y,,4/19/2013 23:4;4/19/2013 22:39;4/19/2013 21:35;4/19/2013 21:8;4/19/2013 18:46;4/19/2013 14:59;4/19/2013 9:54;4/19/2013 9:36;4/19/2013 9:16;
,4/19/2013,"Boy at Home in U.S., Swayed by One Who Wasn't",http://www.nytimes.com/2013/04/20/us/details-of-tsarnaev-brothers-boston-suspects-emerge.html,Article,,Fallout,Erica Goode and Serge F. Kovaleski,U.S.,Y,,4/23/2013 16:20;4/20/2013 12:44;4/20/2013 12:20;4/19/2013 23:4;4/19/2013 22:39;4/19/2013 22:6;4/19/2013 21:35;4/19/2013 19:36;4/19/2013 18:28;4/19/2013 18:6;4/19/2013 16:54;4/19/2013 16:37;4/19/2013 16:15;4/19/2013 15:53;4/19/2013 15:8;4/19/2013 14:48;4/19/2013 14:4;4/19/2013 13:40;4/19/2013 13:20;4/19/2013 12:25;4/19/2013 11:59;4/19/2013 11:40;4/19/2013 11:19;4/19/2013 10:59;
,4/19/2013,Senator Says Boston Attack Should Factor in Immigration Debate,http://www.nytimes.com/2013/04/20/us/politics/senator-says-boston-bombing-should-be-factor-in-immigration-debate.html,Article,,Fallout,Ashley Parker and Michael D. Shear,Politics,Y,,4/20/2013 12:23;4/19/2013 20:23;4/19/2013 19:58;4/19/2013 19:36;4/19/2013 18:59;4/19/2013 15:9;4/19/2013 14:22;4/19/2013 13:40;4/19/2013 13:20;4/19/2013 13:0;4/19/2013 12:23;
,4/19/2013,News Media and Social Media Become Part of a Real-Time Manhunt Drama,http://www.nytimes.com/2013/04/20/us/media-becomes-part-of-story-in-boston-manhunt.html,Article,,Analysis,Brian Stelter,U.S.,Y,,4/19/2013 23:37;4/19/2013 23:4;4/19/2013 21:11;4/19/2013 17:1;4/19/2013 16:38;4/19/2013 14:48;4/19/2013 13:47;
,4/19/2013,"In Boston, High Drama and Questions",http://www.nytimes.com/2013/04/20/opinion/in-boston-high-drama-and-questions.html,Letters,,Commentary,Readers,Opinion,N,,4/19/2013 18:26;4/19/2013 15:54;4/19/2013 14:3;
,4/19/2013,"With Their City in Lockdown, Boston Teams Postpone Their Games",http://www.nytimes.com/2013/04/20/sports/boston-teams-await-word-on-whether-they-will-play.html,Article,,Fallout,Lynn Zinser,Sports,Y,,4/19/2013 20:44;4/19/2013 15:55;4/19/2013 15:35;4/19/2013 14:59;4/19/2013 14:36;
,4/19/2013,Startling Find in Manhattan as Bombings Struck Boston,http://www.nytimes.com/2013/04/20/nyregion/as-terror-hit-boston-a-startling-discovery-in-new-york.html,Article,,Fallout,Michael Wilson,N.Y./Region,N,,4/19/2013 20:21;
,4/19/2013,Beslan Meets Columbine,http://www.nytimes.com/2013/04/20/opinion/beslan-meets-columbine.html,Article,,Commentary,Oliver Bullough,Opinion,N,,4/19/2013 21:8;4/19/2013 20:40;
,4/19/2013,"Violent Trail Adds 2 Victims, Officers Linked by Friendship and Dedication",http://www.nytimes.com/2013/04/20/us/violent-trail-adds-2-victims-officers-linked-by-friendship-and-dedication.html,Article,,Fallout,Dan Barry,U.S.,Y,,4/25/2013 22:52;4/24/2013 16:58;4/19/2013 23:4;4/19/2013 22:4;
,4/19/2013,The Mind of a Terror Suspect,http://www.nytimes.com/2013/04/20/opinion/blow-inside-the-mind-of-a-terror-suspect-in-the-boston-marathon-bombings.html,Article,,Commentary,Charles M. Blow,Opinion,N,,4/20/2013 17:48;4/20/2013 7:7;4/20/2013 12:19;4/19/2013 23:34;4/19/2013 23:1;
,4/20/2013,Increased Security for Central Park Race,http://www.nytimes.com/2013/04/20/sports/increased-security-for-central-park-race.html,Article,,Fallout,Ken Belson,Sports,N,,4/20/2013 12:59;
,4/20/2013,"Meanwhile, Sunil Tripathi is Still Missing",http://india.blogs.nytimes.com/2013/04/20/meanwhile-sunil-tripathi-is-still-missing/,Article,,Fallout,Shivani Vora,India Ink,Y,,4/20/2013 2:20:00
,4/20/2013,April 20 Updates on Aftermath of Boston Marathon Explosions,http://thelede.blogs.nytimes.com/2013/04/20/updates-on-aftermath-of-boston-marathon-explosions-3/,Live Blog,,Major Update,The New York Times,The Lede,Y,,4/20/2013 8:20:00;4/20/2013 7:27PM
,4/20/2013,"After Boston and Tsarnaevs, Russians Urge U.S. to Rethink Chechnya",http://rendezvous.blogs.nytimes.com/2013/04/20/after-boston-and-tsarnaevs-russians-urge-u-s-to-rethink-chechnya/,Article,,Fallout,Harvey Morris,IHT Rendezvous,Y,,4/20/2013 9:08:00
,4/20/2013,A Closer Look at the Bombing Suspect's Twitter Account,http://thelede.blogs.nytimes.com/2013/04/20/dzhokhar-tsarnaevs-jahar-twitter-account-prompts-scrutiny/,Article,,New Perspectives,Jennifer Preston and Michael Roston,The Lede,Y,,4/20/2013 16:04:00
,4/20/2013,"Red Bulls Rewind: 4 Goals, 3 Points",http://goal.blogs.nytimes.com/2013/04/20/red-bulls-rewind-4-goals-3-points/,Article,,Fallout,Jack Bell,Goal,Y,,4/20/2013 23:09:00
,4/19/2013,What Our Marathon Meant,http://www.nytimes.com/2013/04/21/opinion/sunday/grown-ups-in-their-skivvies.html,Article,,Commentary,Charles McGrath,Opinion,Y,,4/20/2013 16:59;4/19/2013 21:9;4/19/2013 20:43;4/19/2013 20:23;4/19/2013 18:58;4/19/2013 16:27;
,4/20/2013,Bombing Inquiry Turns to Motive and Russian Trip,http://www.nytimes.com/2013/04/21/us/boston-marathon-bombings.html,Article,,Fallout,"Eric Schmitt, Michael S. Schmidt, and Ellen Barry",U.S.,Y,,4/21/2013 1:45;4/20/2013 23:7;4/20/2013 21:46;4/20/2013 21:25;4/20/2013 21:0;4/20/2013 20:32;4/20/2013 19:11;4/20/2013 15:34;4/20/2013 13:55;4/20/2013 13:33;4/20/2013 13:12;4/20/2013 12:36;4/20/2013 12:16;4/20/2013 11:14;4/20/2013 10:56;4/20/2013 10:15;4/20/2013 8:58;4/20/2013 6:32;4/20/2013 4:1;
,4/20/2013,"Suspects With Foot in 2 Worlds, Perhaps Echoing Plots of Past",http://www.nytimes.com/2013/04/21/us/boston-suspects-confused-identities-and-conflicting-loyalties.html,Article,,Analysis,Scott Shane,U.S.,Y,,4/20/2013 18:40;4/20/2013 17:56;4/20/2013 15:24;4/20/2013 12:44;4/20/2013 12:7;4/20/2013 11:24;4/20/2013 11:7;
,4/20/2013,Debate Over Delaying of Miranda Warning,http://www.nytimes.com/2013/04/21/us/a-debate-over-delaying-suspects-miranda-rights.html,Article,,Fallout,Charlie Savage,U.S.,N,,4/20/2013 17:23;4/20/2013 15:35;4/20/2013 14:43;4/20/2013 13:55;4/20/2013 12:15;
,4/20/2013,Immigration and Fear,http://www.nytimes.com/2013/04/21/opinion/sunday/immigration-and-fear.html,Article,,Commentary,The Editorial Board,Opinion,N,,4/20/2013 18:19;4/20/2013 13:21;
,4/20/2013,A Model of Restraint in the Race for News,http://www.nytimes.com/2013/04/21/public-editor/a-model-of-restraint-in-the-race-for-news.html,Article,,Commentary,Margaret Sullivan,Public Editor,Y,,4/21/2013 13:55;
,4/20/2013,How to Put America Back Together Again,http://www.nytimes.com/2013/04/21/opinion/sunday/friedman-how-to-put-america-back-together-again.html,Article,,Commentary,Thomas Friedman,Opinion,Y,,4/20/2013 19:27;
,4/20/2013,Boston Attacks Turn Spotlight on Troubled Region of Chechnya,http://www.nytimes.com/2013/04/21/world/europe/boston-attacks-turn-spotlight-on-troubled-chechen-region.html,Article,,Fallout,Peter Baker and C.J. Chivers,Europe,Y,,4/20/2013 13:55;
,4/20/2013,"After Night of Terror in Boston Suburb, a Dawn of Doughnuts and Relief",http://www.nytimes.com/2013/04/21/us/relief-in-boston-suburb-watertown-after-night-of-terror.html,Article,,New Perspectives,Katharine Q. Seelye and John Schwartz,U.S.,Y,,4/20/2013 22:45;4/20/2013 21:43;4/20/2013 20:51;4/20/2013 15:53;
,4/20/2013,Manhunt's Turning Point Came in the Decision to Release Suspects' Images,http://www.nytimes.com/2013/04/21/us/manhunts-turning-point-came-in-images-release.html,Article,,Analysis,Michael S. Schmidt and Eric Schmitt,U.S.,Y,,4/20/2013 18:6;4/20/2013 16:38;
,4/20/2013,Boston Suspects' Immigration Story Adds Layer to Debate on Overhaul,http://www.nytimes.com/2013/04/21/us/bombing-suspects-immigration-story-adds-layer-to-debate-on-overhaul.html,Article,,New Perspectives,Trip Gabriel,U.S.,Y,,4/20/2013 18:19;
,4/20/2013,Legal Questions Riddle Boston Marathon Case,http://www.nytimes.com/2013/04/21/us/legal-questions-riddle-boston-marathon-case.html,Article,,Fallout,"Ethan Bronner, Charlie Savage, and William K. Rashbaum",U.S.,Y,,4/21/2013 4:53;4/20/2013 18:18;
,4/20/2013,Mistaken Identity After Blasts,http://www.nytimes.com/2013/04/21/us/brown-university-student-mistaken-for-bombing-suspect.html,Article,,New Perspectives,Jess Bidgood,U.S.,N,,4/20/2013 22:5;4/20/2013 20:46;
,4/20/2013,F.B.I. Interview Led Homeland Security to Hold Up Citizenship for One Brother,http://www.nytimes.com/2013/04/21/us/tamerlan-tsarnaevs-citizenship-held-up-by-homeland-security.html,Article,,Fallout,Julia Preston,U.S.,N,,4/20/2013 21:42;
,4/20/2013,"An Emotional Ceremony, Then a Victory for Boston",http://www.nytimes.com/2013/04/21/sports/baseball/after-an-emotional-ceremony-boston-beats-kansas-city.html,Article,,Fallout,AP,Sports,Y,,4/21/2013 12:16;4/20/2013 23:8;4/20/2013 21:42;
,4/20/2013,Feeling for Boston Gives Way to Need for Victory,http://www.nytimes.com/2013/04/21/sports/basketball/from-knicks-fans-compassion-and-old-enmity-for-boston.html,Article,,Fallout,Harvey Araton,Sports,N,,4/20/2013 22:55;4/20/2013 21:53;
,4/21/2013,Boston Tribute at Salt Lake City Marathon,http://www.nytimes.com/2013/04/21/sports/boston-tribute-at-salt-lake-city-marathon.html,Article,,Fallout,AP,Sports,N,,4/21/2013 12:49;
,4/21/2013,Police Release Thermal Imaging Video of Boston Suspect's Capture,http://thelede.blogs.nytimes.com/2013/04/21/police-release-thermal-imaging-video-of-suspects-capture/,Article,,Fallout,Marc Santora and William K. Rashbaum,The Lede,Y,,4/21/2013 16:57:00
,4/21/2013,Is American Nonviolence Possible?,http://opinionator.blogs.nytimes.com/2013/04/21/is-american-nonviolence-possible/,Article,,Commentary,Todd May,Opinion,Y,,4/21/2013 19:00:00
,4/21/2013,Boston Begins to Say Goodbye to Victims of the Bombings,http://www.nytimes.com/2013/04/22/us/boston-begins-to-say-goodbye-to-bombing-victims.html,Article,,New Perspectives,Richard A. Oppel Jr.,U.S.,Y,,4/24/2013 16:55;4/23/2013 23:18;4/21/2013 23:0;4/21/2013 22:37;4/21/2013 22:17;4/21/2013 21:57;4/21/2013 21:36;
,4/21/2013,"Festive and Defiant, London Runs A Marathon For Boston",http://www.nytimes.com/2013/04/22/sports/london-marathon-is-completed-without-security-problems.html,Article,,New Perspectives,John F. Burns,Sports,Y,,4/21/2013 23:53;4/21/2013 21:57;4/21/2013 21:13;4/21/2013 19:4;4/21/2013 18:40;4/21/2013 16:13;
,4/21/2013,Struggle at Home Intrudes on Chechen Haven in America,http://www.nytimes.com/2013/04/22/us/chechens-in-us-feel-exposed-and-embarrassed.html,Article,,New Perspectives,Michael Schwirtz,U.S.,Y,,4/21/2013 20:55;4/21/2013 17:1;
,4/21/2013,The Pressure to Be the T.V. News Leader Tarnishes a Big Brand,http://www.nytimes.com/2013/04/22/business/media/in-boston-cnn-stumbles-in-rush-to-break-news.html,Article,,Analysis,David Carr,Business,Y,,4/21/2013 19:24;4/21/2013 18:39;
,4/21/2013,G.O.P. Lawmakers Push to Have Boston Suspect Questioned as Enemy Combatant,http://www.nytimes.com/2013/04/22/us/gop-lawmakers-push-to-hold-boston-suspect-as-enemy-combatant.html,Article,,Fallout,Charlie Savage,U.S.,N,,4/21/2013 21:13;4/21/2013 20:54;4/21/2013 19:4;4/21/2013 18:39;
,4/21/2013,Investigators Dig for Roots of Bomb Suspects' Radicalization ,http://www.nytimes.com/2013/04/22/us/boston-marathon-bombing-suspects-hoped-to-attack-again.html,Article,,Fallout,Eric Schmitt and Michael S. Schmidt,U.S.,Y,,4/23/2013 22:12;4/23/2013 12:49;4/22/2013 15:32;4/22/2013 1:50;4/21/2013 23:41;4/21/2013 23:12;4/21/2013 22:26;4/21/2013 21:25;
,4/21/2013,"Two Sunday Running Events in Manhattan are Minor, but Security Isn't",http://www.nytimes.com/2013/04/22/nyregion/2-minor-runs-in-manhattan-get-heavy-security.html,Article,,New Perspectives,Wendy Ruderman,N.Y./Region,Y,,4/21/2013 23:0;4/21/2013 21:56;4/21/2013 21:36;
,4/21/2013,Search for Home Led Suspect to Land Marred by Strife,http://www.nytimes.com/2013/04/22/world/europe/pilgrim-in-violent-land-suspect-found-comfort-in-dagestan.html,Article,,New Perspectives,David M. Herszenhorn and Andrew Roth,Europe,Y,,4/22/2013 2:18;4/21/2013 22:17;4/21/2013 21:35;
,4/21/2013,"Along the Route, Main Streets, Hills, and a New Kind of Heartbreak",http://www.nytimes.com/2013/04/22/us/on-boston-marathon-route-main-streets-and-a-new-kind-of-heartbreak.html,Article,,New Perspectives,Dan Barry,U.S.,Y,,4/23/2013 22:12;4/23/2013 14:48;4/22/2013 6:6;
,4/21/2013,How to Handle a Terrorism Case,http://www.nytimes.com/2013/04/22/opinion/how-to-handle-a-terrorism-case.html,Article,,Commentary,The Editorial Board,Opinion,N,,4/21/2013 23:41;4/21/2013 23:11;
,4/22/2013,Coverage of Boston Manhunt Delivers High Ratings to CNN,http://www.nytimes.com/2013/04/22/business/media/cnn-scores-high-ratings-in-boston-manhunt-coverage.html,Article,,Analysis,Bill Carter,Business,N,,4/22/2013 21:00:51
,4/22/2013,Knowing Where to Focus the Wisdom of Crowds,http://bits.blogs.nytimes.com/2013/04/22/knowing-where-to-focus-the-wisdom-of-the-crowds/,Article,,Analysis,Nick Bilton,Bits,Y,,4/22/2013 8:00:00
,4/22/2013,April 22 Updates on Aftermath of the Boston Marathon Bombing,http://thelede.blogs.nytimes.com/2013/04/22/updates-in-the-aftermath-of-the-boston-marathon-bombing/,Live Blog,,Major Update,Jennifer Preston and Liam Stack,The Lede,Y,,4/22/2013 11:07:00;4/22/2013 11:02PM
,4/22/2013,What's the Difference Between McVeigh and Tsarnaev?,http://takingnote.blogs.nytimes.com/2013/04/22/whats-the-difference-between-mcveigh-and-tsarnaev/,Article,,Commentary,Andrew Rosenthal,Opinion,N,,4/22/2013 13:25:00
,4/22/2013,North Carolina Man Tied to Gun Left in Hotel Lobby,http://cityroom.blogs.nytimes.com/2013/04/22/a-disturbing-mystery-is-solved-and-a-tourist-is-in-custody/,Article,,Fallout,Michael Wilson,City Room,Y,,4/22/2013 14:03:00
,4/22/2013,Thoughts on the Boston Lockdown,http://douthat.blogs.nytimes.com/2013/04/22/thoughts-on-the-boston-lockdown/,Article,,Commentary,Ross Douthat,Opinion,N,,4/22/2013 17:25:00
,4/22/2013,"Boston Attack Shows Need for Immigration Overhaul, Ryan Says",http://thecaucus.blogs.nytimes.com/2013/04/22/boston-attack-shows-need-for-immigration-overhaul-ryan-says/,Article,,Fallout,Steven Yaccino,The Caucus,N,,4/22/2013 18:50:00
,4/22/2013,Boston Suspect is Charged and Could Face the Death Penalty,http://www.nytimes.com/2013/04/23/us/boston-marathon-bombings-developments.html,Article,,Major Update,"Katharine Q. Seelye, Michael S. Schmidt, and William K Rashbaum",U.S.,Y,,4/24/2013 17:34;4/23/2013 22:38;4/23/2013 16:14;4/23/2013 8:51;4/23/2013 8:15;4/23/2013 3:15;4/22/2013 23:22;4/22/2013 22:37;4/22/2013 21:22;4/22/2013 20:6;4/22/2013 18:38;4/22/2013 17:45;4/22/2013 17:24;4/22/2013 16:51;4/22/2013 16:24;
,4/22/2013,Heated Questions and Divisions Emerge at Immigration Bill Hearing,http://www.nytimes.com/2013/04/23/us/politics/senators-at-immigration-hearing-clash-over-boston-bombings.html,Article,,Fallout,Ashley Parker and Michael D. Shear,U.S.,Y,,4/22/2013 21:40;4/22/2013 21:3;4/22/2013 13:25;
,4/22/2013,"The Boston Case, From Many Angles",http://www.nytimes.com/2013/04/23/opinion/the-boston-case-from-many-angles.html,Letters,,Commentary,Readers,Opinion,N,,4/22/2013 17:23;
,4/22/2013,"Immigrant Kids, Adrift",http://www.nytimes.com/2013/04/23/opinion/immigrant-kids-adrift.html,Article,,Commentary,Marcelo M. Suarez-Orozco and Carola Suarez-Orozco,Opinion,Y,,4/23/2013 12:18;4/22/2013 21:21;
,4/22/2013,Officials Say They Had No Authority to Watch Older Suspect,http://www.nytimes.com/2013/04/23/us/officials-say-they-didnt-have-authority-to-monitor-tamerlan-tsarnaev.html,Article,,Fallout,Eric Schmitt and Michael S. Schmidt,U.S.,N,,4/23/2013 12:18;4/22/2013 23:52;4/22/2013 22:26;4/22/2013 22:7;4/22/2013 21:47;
,4/22/2013,"For Wounded, Daunting Cost; for Aid Fund, Tough Decisions",http://www.nytimes.com/2013/04/23/us/for-boston-victims-price-of-recovery-may-be-another-burden.html,Article,,New Perspectives,Abby Goodnough,U.S.,Y,,4/23/2013 12:31;
,4/22/2013,Hundreds Gather at Services Held for Marathon Victims,http://www.nytimes.com/2013/04/23/us/services-held-for-boston-marathon-bombings-victims.html,Article,,Fallout,Jess Bidgood,U.S.,Y,,4/23/2013 1:3;
,4/22/2013,"In Questions at First, No Miranda for Suspect",http://www.nytimes.com/2013/04/23/us/miranda-rights-withheld-for-marathon-suspect-official-says.html,Article,,Fallout,Ethan Bronner and Michael S Schmidt,U.S.,Y,,4/22/2013 22:46;
,4/23/2013,Strangers From Boston,http://cityroom.blogs.nytimes.com/2013/04/23/strangers-from-boston/,Article,,New Perspectives,Jonathan Altshuler,City Room,N,,4/23/2013 8:49:00
,4/23/2013,April 23 Updates in the Aftermath of the Boston Bombing,http://thelede.blogs.nytimes.com/2013/04/23/updates-in-the-aftermath-of-the-boston-marathon/,Article,,Major Update,Jennifer Preston and Liam Stack,The Lede,Y,,4/23/2013 17:35:00;4/24/2013 12:03AM
,4/23/2013,Running Toward the Boston Marathon Chaos,http://atwar.blogs.nytimes.com/2013/04/23/running-toward-the-boston-marathon-chaos/,Article,,New Perspectives,Zachary Bell,At War,Y,,4/23/2013 14:59:00
,4/23/2013,Boston Suspects Are Seen as Self-Taught and Fueled by the Web,http://www.nytimes.com/2013/04/24/us/boston-marathon-bombing-developments.html,Article,,Fallout,"Michael Cooper, Michael S. Schmidt, and Eric Schmitt",U.S.,Y,,4/24/2013 11:58;4/24/2013 7:48;4/24/2013 2:35;4/23/2013 23:47;4/23/2013 22:50;4/23/2013 22:23;4/23/2013 21:38;4/23/2013 17:27;4/23/2013 16:35;4/23/2013 16:13;4/23/2013 15:40;4/23/2013 13:19;4/23/2013 12:43;4/23/2013 11:36;
,4/23/2013,"Immigration Bill Would Aid Security, Napolitano Says",http://www.nytimes.com/2013/04/24/us/politics/napolitano-says-immigration-bill-would-bolster-security.html,Article,,Fallout,Ashley Parker,U.S.,Y,,4/24/2013 12:12;4/23/2013 20:23;4/23/2013 18:5;
,4/23/2013,Senators Say Case Indicates that Problems Persist in Agencies' Data Sharing,http://www.nytimes.com/2013/04/24/us/politics/senators-say-case-indicates-that-problems-persist-in-agencies-data-sharing.html,Article,,Fallout,Eric Schmitt and Julia Preston,Politics,Y,,4/23/2013 23:10;4/23/2013 22:24;4/23/2013 21:37;
,4/23/2013,Lost In Space,http://www.nytimes.com/2013/04/24/opinion/dowd-lost-in-space.html,Article,,Commentary,Maureen Dowd,Opinion,N,,4/23/2013 23:26;
,4/23/2013,"Unraveling Boston Suspects' Online Lives, Link by Link",http://www.nytimes.com/2013/04/24/us/unraveling-brothers-online-lives-link-by-link.html,Article,,New Perspectives,Michiko Kakutani,U.S.,N,,4/24/2013 16:24;4/24/2013 8:48;4/23/2013 23:8;4/23/2013 22:37;4/23/2013 22:11;4/23/2013 21:47;
,4/23/2013,Wounded in Boston,http://www.nytimes.com/2013/04/24/opinion/wounded-in-boston.html,Letters,,Commentary,Readers,Opinion,N,,4/23/2013 21:47:06
,4/23/2013,Two Groups in Grief Refuse to Stand Still,http://www.nytimes.com/2013/04/24/us/boston-marathon-deaths-reinforce-community-bonds.html,Article,,New Perspectives,Jess Bidgood,U.S.,Y,,4/23/2013 22:49;
,4/24/2013,Readers Find an Online Ad Jarring Next to Boston Coverage,http://publiceditor.blogs.nytimes.com/2013/04/24/readers-find-an-online-advertisement-jarring-next-to-boston-coverage/,Article,,Commentary,Margaret Sullivan,Public Editor,Y,,4/24/2013 9:15:00
,4/24/2013,"On a Field at M.I.T., 10,000 Remember an Officer Who Was Killed",http://www.nytimes.com/2013/04/25/us/boston-marathon-bombings-developments.html,Article,,Fallout,Jess Bidgood,U.S.,Y,,4/24/2013 21:57;4/24/2013 21:25;4/24/2013 17:28;4/24/2013 16:22;4/24/2013 14:48;4/24/2013 13:9;4/24/2013 12:47;4/24/2013 11:58;4/24/2013 11:5;4/24/2013 9:21;
,4/24/2013,2 U.S. Agencies Added Boston Bomb Suspect to Watch Lists,http://www.nytimes.com/2013/04/25/us/tamerlan-tsarnaev-bomb-suspect-was-on-watch-lists.html,Article,,Fallout,Eric Schmitt and Michael S. Schmidt,U.S.,N,,4/25/2013 1:37;4/25/2013 12:13;4/24/2013 23:17;4/24/2013 22:30;4/24/2013 21:23;4/24/2013 19:52;
,4/24/2013,No Room for Radicals,http://www.nytimes.com/2013/04/25/opinion/no-room-for-radicals-in-mosques.html,Article,,Commentary,Suhaib Webb and Scott Korb,Opinion,N,,4/24/2013 23:29;
,4/24/2013,Officer's Killing Spurred Pursuit in Boston Attack,http://www.nytimes.com/2013/04/25/us/officers-killing-spurred-pursuit-in-boston-attack.html,Article,,Fallout,"Wendy Ruderman, Serge F Kovaleski, and Michael Cooper",U.S.,Y,,4/25/2013 8:53;4/24/2013 23:17;4/24/2013 22:31;4/24/2013 21:39;
,4/24/2013,Boston Attack Spotlights Struggle Half a World Away,http://www.nytimes.com/2013/04/25/world/europe/boston-bombing-stirs-echoes-of-unrest-in-caucasus.html,Article,,Analysis,David M. Herszenhorn and Andrew E. Kramer,Europe,N,,4/25/2013 1:37;4/24/2013 23:18;4/24/2013 22:11;
,4/24/2013,Subtler Harm From Bombs: Some Victims Lose Hearing,http://www.nytimes.com/2013/04/25/us/boston-bomb-victims-hidden-injury-hearing-loss.html,Article,,New Perspectives,Catherine Saint Louis,U.S.,Y,,4/24/2013 23:42;
,4/24/2013,"Knicks Have Boston's Numbers; Up 2, 2 to Go",http://www.nytimes.com/2013/04/25/sports/basketball/knicks-have-celtics-numbers-up-2-2-to-go.html,Article,,Fallout,Howard Beck,Sports,Y,,4/24/2013 22:52;
,4/25/2013,On Being Brown in America,http://india.blogs.nytimes.com/2013/04/25/on-being-brown-in-america/,Article,,Commentary,Amitava Kumar,India Ink,Y,,4/25/2013 9:24:00
,4/25/2013,Neil Diamond to Donate 'Sweet Caroline' Royalties to Boston Bombing Charity,http://artsbeat.blogs.nytimes.com/2013/04/25/neil-diamond-to-donate-sweet-caroline-royalties-to-boston-bombing-charity/,Article,,Fallout,James C. McKinley Jr.,ArtsBeat,N,,4/25/2013 11:13:00
,4/25/2013,"Good Cops, Bad Cops",http://opinionator.blogs.nytimes.com/2013/04/25/good-cops-bad-cops/,Article,,Commentary,Timothy Egan,Opinion,N,,4/25/2013 20:30:00
,4/25/2013,Parents Deny Sons' Guilt and Accuse U.S. of Plot,http://www.nytimes.com/2013/04/26/world/europe/parents-say-boston-bombing-suspects-are-innocent.html,Article,,Fallout,David M. Herszenhorn,Europe,Y,,4/25/2013 23:32;4/25/2013 21:18;4/25/2013 16:6;4/25/2013 15:40;4/25/2013 13:35;4/25/2013 11:33;4/25/2013 11:9;4/25/2013 10:33;
,4/25/2013,"2 Tied to Boston Bombings Talked of Times Sq. Attack, Officials Say",http://www.nytimes.com/2013/04/26/nyregion/new-york-was-boston-blast-suspects-next-target-officials-say.html,Article,,Fallout,J. David Goodman,N.Y./Region,Y,,4/26/2013 12:8;4/25/2013 23:10;4/25/2013 21:52;4/25/2013 21:10;4/25/2013 20:50;4/25/2013 20:5;4/25/2013 18:22;4/25/2013 17:58;4/25/2013 16:35;4/25/2013 16:5;4/25/2013 15:39;4/25/2013 14:45;
,4/25/2013,Body of Missing Student at Brown is Discovered,http://www.nytimes.com/2013/04/26/us/sunil-tripathi-student-at-brown-is-found-dead.html,Article,,Fallout,Jess Bidgood,U.S.,Y,,4/25/2013 21:0;4/25/2013 20:35;4/25/2013 19:13;4/25/2013 18:56;
,4/25/2013,Russia's Warning on Bombing Suspects Sets Off Debate,http://www.nytimes.com/2013/04/26/us/russia-told-us-bomb-suspect-was-radical-islamist.html,Article,,Fallout,"Scott Shane, Michael S. Schmidt, and Eric Schmitt",U.S.,Y,,4/26/2013 15:22;4/25/2013 22:51;4/25/2013 22:29;4/25/2013 22:11;4/25/2013 21:0;4/25/2013 20:42;
,4/25/2013,"Teaching the Lessons Learned in War, to Thwart Attackers at Home",http://www.nytimes.com/2013/04/26/us/florida-school-teaches-lessons-of-war-to-thwart-attackers-at-home.html,Article,,New Perspectives,C.J. Chivers,U.S.,Y,,4/26/2013 11:36;4/25/2013 22:18;
,4/25/2013,Victims in Boston Face a Difficult Path to Recovery,http://www.nytimes.com/2013/04/26/health/for-boston-bombing-victims-a-long-painful-road-to-recovery.html,Article,,New Perspectives,Abby Goodnough and Jess Bidgood,Health,Y,,5/1/2013 2:5;4/30/2013 14:57;4/25/2013 22:38;
,4/25/2013,Investigators Seek Boston Bombing Suspect's Laptop,http://www.nytimes.com/2013/04/26/us/boston-bombing-suspects-laptop-is-sought.html,Article,,Fallout,Serge F. Kovaleski and Michael Cooper,U.S.,Y,,4/25/2013 22:38;
,4/26/2013,Tsarnaevs' News Conference: A Transcript,http://www.nytimes.com/2013/04/26/world/europe/tsarnaevs-news-conference-a-transcript.html,Article,,Fallout,-,Europe,N,,4/26/2013 0:47:15
,4/26/2013,Messages From Sunil Tripathi's Family and Brown University on His Death,http://india.blogs.nytimes.com/2013/04/26/messages-from-sunil-tripathis-family-and-brown-university-on-his-death/,Article,,New Perspectives,Shivani Vora,India Ink,Y,,4/26/2013 0:23:00
,4/26/2013,The Sweet Spot: Where Were You When,http://artsbeat.blogs.nytimes.com/2013/04/26/the-sweet-spot-where-were-you-when/,Video,,New Perspectives,The New York Times,ArtsBeat,Y,,4/26/2013 14:15:00
,4/26/2013,Exception to Miranda Rule is Rooted in Queens Arrest,http://cityroom.blogs.nytimes.com/2013/04/26/how-an-arrest-in-queens-led-to-the-public-safety-exception/,Article,,Analysis,Sam Roberts,City Room,N,,4/26/2013 14:04:00
,4/26/2013,The Boston Bombing and Immigration,http://takingnote.blogs.nytimes.com/2013/04/26/the-boston-bombing-and-immigration/,Article,,Commentary,Andrew Rosenthal,Opinion,N,,4/26/2013 15:25:00
,4/26/2013,Boston Bombing Suspect is Moved to Medical Detention Center,http://www.nytimes.com/2013/04/27/us/dzhokar-tsarnaev-moved-to-medical-detention-center.html,Article,,Fallout,"Serge F. Kovaleski, William K. Rashbaum, and Timothy Williams",U.S.,Y,,4/27/2013 1:11;4/26/2013 23:59;4/26/2013 11:5;4/26/2013 10:48;4/26/2013 10:29;
,4/26/2013,A Nation of Immigrants,http://www.nytimes.com/2013/04/27/opinion/a-nation-of-immigrants.html,Letters,,Commentary,Readers,Opinion,N,,4/26/2013 20:32:58
,4/26/2013,"After Attack, Suspects Returned to Routines, Raising No Suspicions",http://www.nytimes.com/2013/04/27/us/after-attack-suspects-returned-to-routines-raising-no-suspicions.html,Article,,Fallout,Katharine Q. Seelye and Ian Lovett,U.S.,Y,,4/26/2013 22:21;4/26/2013 21:57;
,4/27/2013,Judgment Not Included,http://www.nytimes.com/2013/04/28/opinion/sunday/friedman-judgment-not-included.html,Article,,Commentary,Thomas Friedman,Opinion,Y,,4/27/2013 15:41;
,4/27/2013,"A Battered Dream, Then a Violent Path",http://www.nytimes.com/2013/04/28/us/shot-at-boxing-title-denied-tamerlan-tsarnaev-reeled.html,Article,,Analysis,"Deborah Sontag, David M. Herszenhorn, and Serge F. Kovaleski",U.S.,Y,,4/27/2013 17:22;4/27/2013 16:59;4/27/2013 15:15;4/27/2013 13:31;
,4/27/2013,"My Son, the Terrorist",http://www.nytimes.com/2013/04/28/opinion/sunday/my-son-the-terrorist.html,Article,,Commentary,Larry David,Opinion,N,,4/27/2013 13:31;
,4/27/2013,The Lesson of Boston,http://www.nytimes.com/2013/04/28/opinion/sunday/bruni-the-lesson-of-boston.html,Article,,Commentary,Frank Bruni,Opinion,Y,,4/27/2013 19:15;
,4/27/2013,Phone Calls Discussing Jihad Prompted Russian Warning on Tsarnaev,http://www.nytimes.com/2013/04/28/us/jihad-discussions-led-to-warning-on-tamerlan-tsarnaev.html,Article,,Fallout,Scott Shane,,N,,4/28/2013 12:1;4/27/2013 22:53;
,4/28/2013,Bombings Trip Up Reddit in Its Turn in Spotlight,http://www.nytimes.com/2013/04/29/business/media/bombings-trip-up-reddit-in-its-turn-in-spotlight.html,Article,,Analysis,Leslie Kaufman,Business,Y,,5/1/2013 4:46;4/29/2013 16:27;4/29/2013 15:34;4/29/2013 11:34;4/28/2013 20:12;4/28/2013 19:50;4/28/2013 17:19;4/28/2013 16:58;4/28/2013 16:0;
,4/28/2013,Russian Forces Kill 2 Suspected Rebels in Dagestan,http://www.nytimes.com/2013/04/29/world/europe/russian-security-forces-kill-two-suspected-rebels-in-dagestan.html,Article,,Fallout,Andrew Roth,Europe,N,,4/28/2013 21:58;
,4/28/2013,Agents Pore Over Suspect's Trip to Russia,http://www.nytimes.com/2013/04/29/us/tamerlan-tsarnaevs-contacts-on-russian-trip-draw-scrutiny.html,Article,,Fallout,Scott Shane and David M. Herszenhorn,U.S.,N,,4/28/2013 21:46;
,4/28/2013,Massachusetts Voters Reminded Senate Primaries Are at Hand,http://www.nytimes.com/2013/04/29/us/politics/massachusetts-senate-candidates-call-attention-to-primaries.html,Article,,Fallout,Katharine Q. Seelye,U.S.,Y,,4/28/2013 22:58;
,4/29/2013,"After Boston Bombing, American Ties With Russia Improve",http://www.nytimes.com/2013/04/30/world/europe/after-bombing-american-ties-with-russia-improve.html,Article,,Analysis,Ellen Barry,Europe,N,,4/29/2013 19:6;
,4/29/2013,Investigators Obtain DNA From Widow of Bombing Suspect,http://www.nytimes.com/2013/04/30/us/tsarnaev-wife-katherine-russell-scrutinized-by-authorities.html,Article,,Fallout,Michael S. Schmidt and Serge F. Kovaleski,U.S.,N,,5/2/2013 2:28;4/30/2013 12:54;4/29/2013 22:31;4/29/2013 22:4;4/29/2013 21:17;
,4/30/2013,President Backs F.B.I. Handling of Boston Suspect in '11,http://www.nytimes.com/2013/05/01/us/politics/obama-backs-fbis-handling-of-boston-bombing-suspect.html,Article,,Fallout,Peter Baker and Michael S. Schmidt,U.S.,Y,,4/30/2013 22:21;4/30/2013 16:8;4/30/2013 15:17;4/30/2013 13:23;4/30/2013 11:51;
,4/30/2013,Poll Finds Strong Acceptance for Public Surveillance,http://www.nytimes.com/2013/05/01/us/poll-finds-strong-acceptance-for-public-surveillance.html,Article,,Analysis,Mark Landler and Dalia Sussman,U.S.,N,,4/30/2013 22:18;4/30/2013 21:57;4/30/2013 20:19;4/30/2013 19:39;4/30/2013 19:16;
,4/30/2013,Massachusetts: Aid Promised for Victims Who Lost Limbs,http://www.nytimes.com/2013/05/01/us/massachusetts-aid-promised-for-victims-who-lost-limbs.html,Article,,Fallout,Abby Goodnough,U.S.,N,,4/30/2013 20:49;
,4/30/2013,"As Bombing Inquiry Proceeds, Obama Offers Measured Praise for F.B.I.",http://www.nytimes.com/2013/05/01/us/politics/obama-hints-bomb-suspects-were-self-radicalized.html,Article,,Fallout,Scott Shane and Ellen Barry,U.S.,Y,,4/30/2013 22:8;4/30/2013 21:40;
,5/1/2013,"In Russian Social Media, Glimpse of Students Accused of Hiding Boston Evidence",http://thelede.blogs.nytimes.com/2013/05/01/in-russian-social-media-glimpse-of-students-accused-of-hiding-boston-evidence/,Article,,New Perspectives,Jennifer Preston,The Lede,Y,,5/1/2013 22:56:00
,5/1/2013,First Book is Planned on the Tsarnaev Brothers,http://www.nytimes.com/2013/05/02/business/media/masha-gessen-to-write-book-on-tsarnaev-brothers.html,Article,,Fallout,Julie Bosman,Business,Y,,5/1/2013 23:43;5/1/2013 22:53;5/1/2013 22:28;5/1/2013 21:34;5/1/2013 20:41;5/1/2013 12:7;
,5/1/2013,"After Boston Attack, 3 Friends Covered It Up, Prosecutors Say",http://www.nytimes.com/2013/05/02/us/3-more-people-in-custody-in-boston-bombing-case.html,Article,,Major Update,Michael Wines and Katharine Q. Seelye,U.S.,Y,,5/3/2013 12:4;5/2/2013 12:3;5/2/2013 11:3;5/2/2013 10:15;5/2/2013 9:56;5/2/2013 3:40;5/1/2013 23:43;5/1/2013 22:54;5/1/2013 22:30;5/1/2013 21:19;5/1/2013 19:3;5/1/2013 18:7;5/1/2013 17:32;5/1/2013 17:6;5/1/2013 16:39;5/1/2013 16:10;5/1/2013 15:50;5/1/2013 15:29;5/1/2013 15:0;5/1/2013 14:39;5/1/2013 13:2;5/1/2013 12:36;5/1/2013 12:6;
,5/2/2013,Boston Plotters Said to Initially Target July 4 for Attack,http://www.nytimes.com/2013/05/03/us/Boston-bombing-suspects-planned-july-fourth-attack.html,Article,,Fallout,"Eric Schmitt, Mark Mazzetti, Michael S. Schmidt, and Scott Shane",U.S.,Y,,5/3/2013 16:6;5/3/2013 12:4;5/3/2013 11:22;5/3/2013 10:40;5/3/2013 4:29;5/2/2013 22:6;5/2/2013 21:5;5/2/2013 20:46;5/2/2013 19:51;5/2/2013 19:29;5/2/2013 19:10;
,5/3/2013,Aerosmith and James Taylor Join Benefit for Boston Bombing Victims,http://artsbeat.blogs.nytimes.com/2013/05/03/aerosmith-and-james-taylor-join-benefit-for-boston-bombing-victims/,Article,,Fallout,James C. McKinley Jr.,ArtsBeat,N,,5/3/2013 13:38:00
,5/3/2013,Foreign Students to Face New Checks at U.S. Borders,http://www.nytimes.com/2013/05/04/us/foreign-students-will-face-new-checks-when-entering-united-states.html,Article,,Fallout,Julia Preston,U.S.,N,,5/3/2013 20:50;
,5/3/2013,"Funeral Home Accepts Suspect's Body, and Problems",http://www.nytimes.com/2013/05/04/us/funeral-home-accepts-tsarnaevs-body-and-with-it-problems.html,Article,,New Perspectives,Jess Bidgood,U.S.,Y,,5/3/2013 21:37;
,5/3/2013,Path From 'Social Butterfly' to Boston Suspect's Widow,http://www.nytimes.com/2013/05/04/us/path-from-social-butterfly-to-suspects-widow-in-hijab.html,Article,,Analysis,"Michael Cooper, Serge F. Kovaleski, Richard A. Oppel Jr, and John Eligon",U.S.,Y,,5/4/2013 17:35;5/4/2013 14:35;5/4/2013 14:16;5/3/2013 23:31;
,5/4/2013,Autistic Twins Are Hoping for Calm Races After the Trauma of Boston,http://www.nytimes.com/2013/05/05/sports/autistic-twins-find-a-release-in-running.html,Article,,New Perspectives,Corey Kilgannon,Sports,Y,,5/4/2013 23:58;5/4/2013 12:3;
,5/4/2013,Autopsy Says Boston Bombing Suspect Died of Gunshot Wounds and Blunt Trauma,http://www.nytimes.com/2013/05/05/us/autopsy-says-boston-bombing-suspect-died-of-gunshot-wounds-and-blunt-trauma.html,Article,,Fallout,Jess Bidgood,U.S.,Y,,5/4/2013 16:57;5/4/2013 15:7;
,5/4/2013,"The Dark Side, Carefully Masked",http://www.nytimes.com/2013/05/05/us/dzhokhar-tsarnaevs-dark-side-carefully-masked.html,Article,,Analysis,Michael Wines and Ian Lovett,U.S.,Y,,5/4/2013 23:6;
,5/5/2013,Bombings at Marathon Lead to Tighter Security,http://therail.blogs.nytimes.com/2013/05/05/bombings-at-marathon-lead-to-tighter-security/,Article,,Fallout,Tom Pedulla,The Rail,N,,5/5/2013 0:45:00
,5/5/2013,Man Accused of Lying Seeks Release as Cemeteries Reject Tsarnaev Family,http://www.nytimes.com/2013/05/06/us/student-arrested-in-boston-bombing-seeks-release.html,Article,,Fallout,Katharine Q. Seelye and Jess Bidgood,U.S.,Y,,5/5/2013 22:45;5/5/2013 22:28;5/5/2013 22:7;5/5/2013 21:38;5/5/2013 20:28;5/5/2013 20:6;5/5/2013 19:42;5/5/2013 15:57;
,5/5/2013,A Homemade Style of Terror: Jihadists Push New Tactics,http://www.nytimes.com/2013/05/06/us/terrorists-find-online-education-for-attacks.html,Article,,Analysis,Scott Shane,U.S.,Y,,5/5/2013 22:6;
,5/6/2013,Victims in Boston Marathon Bombings Turn to Crowdfunding for Support,http://thelede.blogs.nytimes.com/2013/05/06/victims-in-boston-marathon-bombings-turn-to-crowdfunding-for-support/,Article,,New Perspectives,Jennifer Preston and Christine Hauser,The Lede,Y,,5/6/2013 23:01:00
,5/6/2013,Marathon Bombing Suspect's Body is Ready for Burial. The Question Remains: Where?,http://www.nytimes.com/2013/05/07/us/prosecutors-say-phillipos-should-be-freed-until-trial.html,Article,,Fallout,Katharine Q. Seelye and Jess Bidgood,U.S.,Y,,5/6/2013 22:6;5/6/2013 21:42;5/6/2013 16:40;5/6/2013 16:19;5/6/2013 12:8;
,5/6/2013,U.S. Hopes Russian Aid in Inquiry on Boston Bombings Signals Future Collaboration,http://www.nytimes.com/2013/05/07/us/politics/us-says-russia-is-aiding-inquiry-into-boston-attacks.html,Article,,Fallout,Steven Lee Myers and Michael S. Schmidt,U.S.,N,,5/6/2013 22:17;5/6/2013 21:54;5/6/2013 21:6;
,5/7/2013,Russia: F.B.I. Director in Moscow to Discuss Boston Bombings,http://www.nytimes.com/2013/05/08/world/europe/russia-fbi-director-in-moscow-to-discuss-boston-bombings.html,Article,,Fallout,Michael S. Schmidt,Europe,N,,5/7/2013 21:36:37
,5/8/2013,Boston Bomb Inquiry Looks Deeply at Russia Trip,http://www.nytimes.com/2013/05/09/world/europe/boston-bombing-inquiry-looks-closely-at-russia-trip.html,Article,,Fallout,Ellen Barry,Europe,Y,,5/14/2013 12:52;5/9/2013 2:27;5/8/2013 22:21;5/8/2013 21:51;
,5/9/2013,Bombing Suspect's Body Interred at Undisclosed Location,http://www.nytimes.com/2013/05/10/us/tamerlan-tsarnaev-boston-bombing-interred.html,Article,,Fallout,Jess Bidgood,U.S.,N,,5/9/2013 13:0;5/9/2013 12:31;5/9/2013 11:14;
,5/9/2013,F.B.I. Did Not Tell Police in Boston of Russian Tip,http://www.nytimes.com/2013/05/10/us/boston-police-werent-told-fbi-got-warning-on-tsarnaev.html,Article,,Fallout,Scott Shane and Michael S Schmidt,U.S.,N,,5/9/2013 20:34;5/9/2013 15:42;5/9/2013 13:41;
,5/9/2013,Suspect in Boston Bombing Talked Jihad in Russia,http://www.nytimes.com/2013/05/10/world/europe/in-russia-marathon-bombing-suspect-talked-jihad.html,Article,,Fallout,Ellen Barry,Europe,N,,5/10/2013 8:4;5/9/2013 21:0;
,5/9/2013,Bombings Make a Bitter Bookend for F.B.I.'s Director,http://www.nytimes.com/2013/05/10/us/politics/in-bombings-a-bitter-bookend-for-robert-mueller.html,Article,,New Perspectives,Sharyl Gay Stohlberg and Michael S. Schmidt,U.S.,Y,,5/9/2013 22:14;5/9/2013 21:0;5/9/2013 20:32;
,5/10/2013,Boston Runners Start Petition,http://www.nytimes.com/2013/05/10/sports/boston-runners-start-petition.html,Article,,New Perspectives,AP,Sports,N,,5/10/2013 1:37:14
,5/10/2013,"Shunned Elsewhere, Body of Boston Marathon Bomber Is Buried in Virginia Cemetery",http://www.nytimes.com/2013/05/11/us/tamerlan-tsarnaev-buried-in-virginia-cemetery.html,Article,,Fallout,Jess Bidgood,U.S.,N,,5/10/2013 21:23;5/10/2013 20:54;
,5/10/2013,Brooklyn Race Grows; So Does Security,http://www.nytimes.com/2013/05/15/sports/larger-brooklyn-half-marathon-entails-greater-security-measures.html,Article,,Fallout,Lynn Zinser,Sports,N,,5/14/2013 19:41;
,5/14/2013,"To Run Victim Fund, Boston Calls on the Specialist",http://www.nytimes.com/2013/05/15/us/in-boston-kenneth-feinberg-again-divides-a-victims-fund.html,Article,,Fallout,John Schwartz,U.S.,Y,,5/14/2013 22:46;
,5/15/2013,"A Tribute to the Boston Bombing Victims, a Step at a Time",http://www.nytimes.com/2013/05/16/us/a-tribute-to-boston-bombing-victims.html,Article,,New Perspectives,Jess Bidgood,U.S.,Y,,5/15/2013 20:21;
,5/16/2013,Chechen Refugee Questioned in F.B.I.'s Inquiry of Bombing,http://www.nytimes.com/2013/05/17/us/boston-bombing-developments.html,Article,,Fallout,Scott Shane and Ellen Barry,U.S.,N,,5/23/2013 10:40;
,5/19/2013,U.S. Campuses Wrestle With Safety Perceptions,http://www.nytimes.com/2013/05/20/us/us-campuses-wrestle-with-safety-perceptions.html,Article,,New Perspectives,"Joyce Lau, D. D. Guttenplan, and Lara Farrar",U.S.,Y,,5/19/2013 12:18;
,5/19/2013,"Dagestan's Shadow War, Fought by 'Many Tsarnaevs'",http://www.nytimes.com/2013/05/20/world/europe/bomb-suspects-trip-sheds-light-on-caucasus-war.html,Article,,New Perspectives,Ellen Barry,Europe,Y,,5/19/2013 20:38;
,5/20/2013,IHT Quick Read: May 20,http://rendezvous.blogs.nytimes.com/2013/05/20/iht-quick-read-may-20/,Article,,Fallout,International Herald Tribune,IHT Rendezvous,N,,5/20/2013 4:59:00
,5/21/2013,Does U.S. Violence Scare Students Away?,http://rendezvous.blogs.nytimes.com/2013/05/21/does-u-s-violence-scare-students-away/,Article,,Analysis,Joyce Lau,IHT Rendezvous,Y,,5/21/2013 1:38:00
,5/30/2013,Man Tied to Boston Bombing Is Said to Have Attacked Agent Before Being Shot,http://www.nytimes.com/2013/05/31/us/man-tied-to-boston-suspect-said-to-have-attacked-fbi-agent.html,Article,,Fallout,Michael S. Schmidt and Ellen Barry,U.S.,Y,,5/31/2013 11:38;5/31/2013 1:41;5/30/2013 22:47;5/30/2013 22:14;5/30/2013 21:54;
,5/28/2013,Two Globe Reporters Plan Book on Marathon Bombings,http://www.nytimes.com/2013/05/29/business/media/reporters-plan-book-on-boston-marathon-bombings.html,Article,,Fallout,Julie Bosman,Business,N,,5/28/2013 13:10:17
,5/22/2013,Deadly End to F.B.I. Inquiries on Tsarnaev and a Triple Killing,http://www.nytimes.com/2013/05/23/us/officer-involved-in-shooting-of-man-tied-to-tsarnaev.html,Article,,Major Update,"Michael S. Schmidt, William K. Rashbaum, and Richard A. Oppel Jr",U.S.,Y,,5/22/2013 23:24;5/22/2013 22:9;5/22/2013 21:22;5/22/2013 17:31;5/22/2013 15:43;5/22/2013 15:8;5/22/2013 14:21;5/22/2013 13:56;5/22/2013 13:6;5/22/2013 12:43;5/22/2013 12:24;5/22/2013 11:54;5/22/2013 10:22;5/22/2013 10:0;5/22/2013 9:14;5/22/2013 8:53;5/22/2013 8:33;5/22/2013 8:15;5/22/2013 7:55;
,5/23/2013,Questions in London Killing Echo Boston Bombing,http://rendezvous.blogs.nytimes.com/2013/05/23/questions-in-london-killing-echo-boston-bombing/,Article,,Fallout,Harvey Morris,IHT Rendezvous,Y,,5/23/2013 11:00:00
,5/26/2013,A Chance to Finish the Marathon,http://www.nytimes.com/2013/05/26/sports/a-chance-to-finish-the-marathon.html,Article,,New Perspectives,AP,Sports,N,,5/26/2013 1:15;
,5/26/2013,Boston Marathon Winner Will Donate His Medal,http://www.nytimes.com/2013/05/27/sports/boston-marathon-winner-will-donate-medal.html,Article,,Fallout,Michael R. Gordon,Sports,Y,,5/26/2013 21:35;5/26/2013 18:38;5/26/2013 18:6;5/26/2013 17:21;5/26/2013 14:55;
,6/2/2013,Delegates Visit Moscow for Insight on Boston Attack,http://www.nytimes.com/2013/06/03/world/europe/lawmakers-in-moscow-in-inquiry-on-boston-suspects.html,Article,,Fallout,David M. Herszenhorn,Europe,N,,6/6/2013 12:54;6/4/2013 22:12;6/2/2013 20:20;6/2/2013 18:25;6/2/2013 16:50;
,6/4/2013,Link to Marathon Bombing Rattles City Known for Its Tolerance,http://www.nytimes.com/2013/06/05/us/cambridge-struggles-to-accept-marathon-bombing-link.html,Article,,New Perspectives,Jess Bidgood,U.S.,Y,,6/4/2013 20:42;6/4/2013 14:13;
,6/5/2013,Chief of Boston Marathon Fund Stands Firm on Deadline,http://www.nytimes.com/2013/06/06/us/chief-of-boston-marathon-bombing-fund-stands-firm-on-deadline.html,Article,,Fallout,Jess Bidgood,U.S.,Y,,6/5/2013 23:5;
,6/6/2013,New York Post Faces Suit Over Boston Bomb Article,http://www.nytimes.com/2013/06/07/business/media/new-york-post-sued-over-boston-bombing-article.html,Article,,Fallout,Christine Haughney,Business,N,,6/6/2013 17:25:18
,6/13/2013,F.B.I. Changes Course on Information Sharing,http://www.nytimes.com/2013/06/14/us/fbi-changes-course-on-information-sharing.html,Article,,Fallout,Michael S. Schmidt,U.S.,N,,6/14/2013 12:56;6/13/2013 21:56;
,6/27/2013,Boston Bombing Suspect Indicted on 30 Counts,http://www.nytimes.com/2013/06/28/us/boston-bombing-suspect-is-indicted-on-30-counts.html,Article,,Major Update,Katharine Q. Seelye and Michael S. Schmidt,U.S.,Y,,6/27/2013 21:31;6/27/2013 20:45;6/27/2013 16:33;6/27/2013 15:52;6/27/2013 15:21;6/27/2013 14:50;
,7/7/2013,Beyond the Finish Line,http://www.nytimes.com/2013/07/08/sports/beyond-the-finish-line.html,Article,,New Perspectives,Tim Rohan,Sports,Y,,7/8/2013 1:34;7/7/2013 22:59;
,7/10/2013,"Marathon Bombing Suspect, in First Court Appearance, Pleads Not Guilty",http://www.nytimes.com/2013/07/11/us/in-court-for-first-time-boston-bombing-suspect-will-face-victims.html,Article,,Major Update,Richard A. Oppel Jr. and Jess Bidgood,U.S.,Y,,7/10/2013 22:2;7/10/2013 18:18;7/10/2013 17:7;7/10/2013 15:58;7/10/2013 15:1;7/10/2013 13:45;7/10/2013 13:8;
,7/10/2013,"In 2011 Murder Inquiry, Hints of Missed Chance to Avert Boston Bombing",http://www.nytimes.com/2013/07/11/us/boston-bombing-suspect-is-said-to-be-linked-to-2011-triple-murder-case.html,Article,,Fallout,Serge F. Kovaleski and Richard A. Oppel Jr,U.S.,Y,,7/11/2013 15:19;7/11/2013 1:14;7/11/2013 12:28;
,7/13/2013,Letters to the Sports Editor,http://www.nytimes.com/2013/07/14/sports/letters-to-the-sports-editor.html,Letters,,Commentary,Readers,Sports,N,,7/13/2013 19:59;7/13/2013 17:0;
,7/17/2013,CVS and Walgreens Ban an Issue of Rolling Stone,http://www.nytimes.com/2013/07/18/business/media/cvs-and-walgreens-ban-an-issue-of-rolling-stone.html,Article,,Fallout,Noam Cohen,Business,Y,,7/17/2013 21:4;
,7/18/2013,Judging Rolling Stone by Its Cover,http://www.nytimes.com/2013/07/19/opinion/judging-rolling-stone-by-its-cover.html,Article,,Commentary,The Editorial Board,Opinion,N,,7/18/2013 22:9;
,7/19/2013,Graphic Photos of Tsarnaev Capture Released,http://www.nytimes.com/2013/07/20/us/graphic-photos-of-tsarnaev-capture-released.html,Article,,Fallout,Ravi Somaiya,U.S.,N,,7/19/2013 10:6;7/19/2013 3:5;7/19/2013 1:24;
,7/19/2013,"Behind Rolling Stone's Cover, a Story Worth Reading",http://www.nytimes.com/2013/07/20/business/media/with-accused-bombers-selfie-rolling-stone-got-more-attention-than-it-may-have-wanted.html,Article,,Analysis,David Carr,Business,N,,7/19/2013 13:41;7/19/2013 13:4;
,7/22/2013,A.C.L.U. Urges Inquiries in Shooting of Man Tied to Boston Suspect,http://www.nytimes.com/2013/07/23/us/politics/aclu-urges-inquiries-in-shooting-of-man-tied-to-boston-suspect.html,Article,,Fallout,Michael S. Schmidt and Charlie Savage,U.S.,N,,7/23/2013 2:29;7/22/2013 17:22;7/22/2013 15:28;
,7/25/2013,Should Reddit Be Banned for the Spreading of a Smear?,http://www.nytimes.com/2013/07/28/magazine/should-reddit-be-blamed-for-the-spreading-of-a-smear.html,Article,,Analysis,Jay Caspian Kang,Magazine,Y,,7/30/2013 23:25;7/30/2013 12:27;7/25/2013 5:38;
,8/1/2013,F.B.I. Said to Find It Could Not Have Averted Boston Attack,http://www.nytimes.com/2013/08/02/us/fbi-said-to-conclude-it-could-not-have-averted-boston-attack.html,Article,,Fallout,Michael S. Schmidt,U.S.,Y,,8/1/2013 20:26;8/1/2013 17:32;
,8/8/2013,Massachusetts: Bombing Suspect's Friends Indicted ,http://www.nytimes.com/2013/08/09/us/massachusetts-bombing-suspects-friends-indicted.html,Article,,Major Update,Jess Bidgood,U.S.,N,,8/16/2013 17:51;
,8/13/2013,Massachusetts: Two Plead Not Guilty to Aiding Marathon Bomb Defendant,http://www.nytimes.com/2013/08/14/us/massachusetts-two-plead-not-guilty-to-aiding-marathon-bomb-defendant.html,Article,,Fallout,Jess Bidgood,U.S.,N,,8/16/2013 21:8;
,8/15/2013,Boston Bombing Victim's Family Is Inspired by Injured Daughter,http://thelede.blogs.nytimes.com/2013/08/15/boston-bombing-victims-family-is-inspired-by-injured-daughter/,Article,,New Perspectives,Jennifer Preston,The Lede,Y,,8/15/2013 22:13:00
,8/20/2013,Boston Bombing Suspect's Injuries Detailed in Court Papers,http://www.nytimes.com/2013/08/21/us/boston-bombing-suspects-injuries-detailed-in-court-papers.html?_r=0,Article,,Fallout,Timothy Williams,U.S.,N,,8/20/2013 12:57;
,8/29/2013,Massachusetts: Bomb Suspect's Classmate Charged,http://www.nytimes.com/2013/08/30/us/massachusetts-bomb-suspects-classmate-charged.html,Article,,Fallout,Jess Bidgood,U.S.,N,,8/29/2013 22:56;
,8/30/2013,"Boston Marathon Field to Grow by 9,000 for 2014",http://www.nytimes.com/2013/08/30/sports/boston-marathon-field-to-grow-by-9000-for-2014.html,Article,,Fallout,AP,Sports,N,,8/30/2013 1:13;
,9/6/2013,Violence Rises in Boston Off the National Stage,http://www.nytimes.com/2013/09/07/us/a-spotlight-on-boston-brings-isolation-too.html,Article,,Analysis,Jess Bidgood,U.S.,Y,,9/6/2013 23:51;9/6/2013 23:16;9/6/2013 22:43;9/6/2013 22:8;
,9/27/2013,Massachusetts: Tsarnaev Lawyers Seek More Time,http://www.nytimes.com/2013/09/28/us/massachusetts-tsarnaevs-lawyers-seek-more-time.html,Article,,Fallout,Reuters,U.S.,N,,9/27/2013 20:55;
,10/3/2013,Massachusetts: Lawyers Seek End to Restrictions on Bombing Suspect,http://www.nytimes.com/2013/10/03/us/massachusetts-lawyers-seek-end-to-restrictions-on-bombing-suspect.html,Article,,Fallout,AP,U.S.,N,,10/3/2013 1:10;
,10/13/2013,"Amid Heavier Security, Course Record is Set in Chicago",http://www.nytimes.com/2013/10/14/sports/amid-heavier-security-course-record-is-set-in-chicago.html,Article,,Fallout,AP,Sports,N,,10/13/2013 21:51;10/13/2013 20:50;
,10/16/2013,Massachusetts: Bombing Suspect's Sister in Court,http://www.nytimes.com/2013/10/17/us/massachusetts-bomb-suspects-sister-in-court.html,Article,,Fallout,Jess Bidgood,U.S.,N,,10/16/2013 20:15;
,10/23/2013,Filing Ties Slain Boston Marathon Bombing Suspect to 2011 Case,http://www.nytimes.com/2013/10/23/us/filing-ties-slain-boston-marathon-bombing-suspect-to-2011-case.html,Article,,Fallout,Jess Bidgood,U.S.,Y,,10/23/2013 12:41;
,11/1/2013,"After Boston Bombings, New York Police Plan Tight Security at Marathon",http://www.nytimes.com/2013/11/02/sports/video-surveillance-to-be-a-key-component-of-marathon-security.html,Article,,Fallout,Michael Schwirtz,Sports,N,,11/2/2013 1:16;11/2/2013 12:27;11/1/2013 22:19;11/1/2013 21:29;11/1/2013 17:9;
,11/3/2013,"At Marathon, Security Wins",http://www.nytimes.com/2013/11/04/sports/at-the-marathon-security-prevails.html,Article,,Analysis,Juliet Macur,Sports,Y,,11/4/2013 12:35;11/3/2013 22:35;
,11/12/2013,Massachusetts: Hearing in Marathon Bombing Case,http://www.nytimes.com/2013/11/13/us/massachusetts-hearing-in-marathon-bombing-case.html,Article,,Fallout,Jess Bidgood,U.S.,N,,11/12/2013 22:55;
,11/27/2013,Here's to the Better Angels of the Sports World,http://www.nytimes.com/2013/11/28/sports/heres-to-the-better-angels-of-the-sports-world.html,Article,,Analysis,Dave Anderson,Sports,Y,,11/29/2013 7:21;
,12/13/2013,"2013, Year of the Comeback",http://www.nytimes.com/2013/12/14/sports/2013-year-of-the-comeback.html,Article,,Analysis,Christopher Clarey,Sports,Y,,12/14/2013 15:56;
,12/28/2013,"Alive, and Living in the Moment",http://www.nytimes.com/2013/12/29/sports/alive-and-living-in-the-moment.html,Article,,New Perspectives,Tim Rohan,Sports,Y,,12/28/2013 23:48;12/28/2013 15:32;12/28/2013 12:10;
,12/30/2013,"At the End, the Telltale Runners' Bags",http://www.nytimes.com/2013/12/30/sports/at-the-end-the-telltale-runners-bags.html,Article,,New Perspectives,Mary Pilon,Sports,Y,,12/30/2013 1:45;
,1/23/2014,U.S. Weighs Pursuit of Death Penalty for Suspect in Boston Bombing,http://www.nytimes.com/2014/01/24/us/us-weighs-pursuit-of-death-penalty-in-boston-bombing.html,Article,,Fallout,Katharine Q. Seelye,U.S.,Y,,1/24/2014 23:7;1/23/2014 20:31;1/23/2014 18:30;1/23/2014 10:7;
,1/30/2014,"In Boston, Mixed Reaction to Death Penalty Decision in Marathon Bombings Case",http://thelede.blogs.nytimes.com/2014/01/30/in-boston-mixed-reaction-to-death-penalty-decision-in-marathon-bombings-case/,Article,,Fallout,Jennifer Preston and Ashley Southall,The Lede,Y,,1/30/2014 21:54:00
,1/30/2014,U.S. Is Seeking Death Penalty in Boston Case,http://www.nytimes.com/2014/01/31/us/boston-marathon-bombing-case.html,Article,,Major Update,Matt Apuzzo,U.S.,Y,,1/31/2014 2:38;1/30/2014 23:8;1/30/2014 20:14;1/30/2014 15:39;
,2/4/2014,The Best Time to Talk to Your Children About the Next National Tragedy? Now,http://parenting.blogs.nytimes.com/2014/02/04/the-best-time-to-talk-to-your-children-about-the-next-national-tragedy-now/,Article,,New Perspectives,KJ Dell'Antonia,Motherlode,N,,2/4/2014 14:38:00
,2/12/2014,Judge Sets Nov. 3 as Start of Trial for Boston Bombing Suspect,http://www.nytimes.com/2014/02/13/us/judge-sets-nov-3-as-start-of-trial-for-dzhokar-tsarnaev-boston-bombing-suspect.html,Article,,Fallout,Jess Bidgood,U.S.,N,,2/14/2014 12:22;2/13/2014 14:19;2/13/2014 4:16;2/12/2014 14:12;
,2/14/2014,Boston Tribute Scheduled,http://www.nytimes.com/2014/02/14/sports/boston-tribute-scheduled.html,Article,,Fallout,AP,Sports,N,,2/14/2014 4:12;
,2/26/2014,Bags Barred at Boston Marathon,http://www.nytimes.com/2014/02/27/sports/bags-barred-at-boston-marathon.html,Article,,Fallout,AP,Sports,N,,2/27/2014 3:10;2/27/2014 1:8;
,3/10/2014,Boston Plans to Tighten Security at Marathon,http://www.nytimes.com/2014/03/11/us/boston-marathon-to-get-new-security-measures.html,Article,,Fallout,Katharine Q. Seelye,U.S.,Y,,3/11/2014 3:42;3/11/2014 12:5;3/10/2014 16:3;3/10/2014 11:37;
,3/21/2014,F.B.I. Agent Is Cleared in Fatal Shooting of Man Tied to Boston Suspects,http://www.nytimes.com/2014/03/22/us/2-reviews-clear-fbi-agent-who-killed-man-tied-to-boston-suspects.html,Article,,Fallout,Michael S. Schmidt and Matt Apuzzo,U.S.,N,,3/22/2014 12:13;3/21/2014 22:15;3/21/2014 16:2;
,3/25/2014,"F.B.I. Agent Killed Chechen After Lunge, Reports Say",http://www.nytimes.com/2014/03/26/us/report-details-killing-of-chechen-by-fbi-agent.html,Article,,Fallout,Michael S. Schmidt,U.S.,N,,3/25/2014 21:55;3/25/2014 13:57;3/25/2014 11:50;
,3/26/2014,The Best of Photojournalism 2014,http://lens.blogs.nytimes.com/2014/03/26/the-best-of-photojournalism-2014/,Article,,Analysis,James Estrin,The Lens,Y,,
,3/28/2014,Massachusetts: Defense Lawyers in Bombing Case Say the Government Is Withholding Information,http://www.nytimes.com/2014/03/29/us/politics/massachusetts-defense-lawyers-in-bombing-case-say-the-government-is-withholding-information.html,Article,,Fallout,Katharine Q. Seelye,U.S.,N,,3/29/2014 4:58;3/28/2014 22:54;
,4/9/2014,"Russia Didn't Share All Details on Boston Bombing Suspect, Report Says",http://www.nytimes.com/2014/04/10/us/russia-failed-to-share-details-on-boston-marathon-bombing-suspect.html,Article,,Fallout,Michael S. Schmidt and Eric Schmitt,U.S.,Y,,4/10/2014 4:33;4/10/2014 12:28;
,4/10/2014,"U.S. Agencies 'Generally' Acted Properly Before Boston Bombing, Report Says",http://www.nytimes.com/2014/04/11/us/us-agencies-generally-acted-properly-before-boston-bombing-report-says.html,Article,,Fallout,Michael S. Schmidt,U.S.,Y,,4/11/2014 2:48;
,4/13/2014,"A Year After the Boston Marathon Bombings, Injured Brothers Endure",http://www.nytimes.com/2014/04/14/us/a-year-after-boston-marathon-bombings-injured-brothers-endure.html,Article,,Fallout,Katharine Q. Seelye,U.S.,Y,,4/13/2014 23:52;
,4/14/2014,New York Times Wins Two Photography Pulitzers,http://lens.blogs.nytimes.com/2014/04/14/the-new-york-times-wins-two-photography-pulitzers/,Article,,Fallout,James Estrin,The Lens,Y,,
,4/14/2014,Pulitzer Prizes Awarded for Coverage of N.S.A. Secrets and Boston Bombing,http://www.nytimes.com/2014/04/15/business/media/coverage-of-snowden-and-boston-attack-win-pulitzer-prizes.html,Article,,Fallout,Ravi Somaiya,Business,Y,,4/14/2014 21:52;4/14/2014 19:55;4/14/2014 17:47;4/14/2014 15:46;
,4/14/2014,Marathon Bombing Suspect Waits in Isolation,http://www.nytimes.com/2014/04/15/us/marathon-bombing-suspect-waits-in-isolation.html,Article,,Fallout,Michael Wines and Serge F. Kovaleski,U.S.,Y,,4/14/2014 23:19;
,4/15/2014,Video and Social Media Posts on the Anniversary of the Boston Bombing,http://thelede.blogs.nytimes.com/2014/04/15/live-coverage-on-the-anniversary-of-the-boston-marathon-bombings/,Article,,New Perspectives,Jennifer Preston,The Lede,Y,,4/15/2014 12:00:00
,4/15/2014,Tribute and Mourning Year After Boston Bombings,http://www.nytimes.com/2014/04/16/us/anniversary-of-boston-marathon-bombings.html,Article,,New Perspectives,Katharine Q. Seelye,U.S.,Y,,4/16/2014 12:54;4/15/2014 23:24;4/15/2014 22:33;4/15/2014 21:38;4/15/2014 19:21;4/15/2014 18:8;4/15/2014 16:45;4/15/2014 12:36;4/15/2014 10:45;4/15/2014 7:57;4/15/2014 6:22;
,4/15/2014,"Fresh Off Pulitzer Win, the Globe Tentatively Toasts Its Future",http://www.nytimes.com/2014/04/16/business/media/fresh-off-pulitzer-win-the-globe-tentatively-toasts-its-future.html,Article,,Fallout,Leslie Kaufman,Business,Y,,4/16/2014 12:51;4/15/2014 22:25;
,4/16/2014,Boston Police to Bolster Presence Before Marathon,http://www.nytimes.com/2014/04/17/us/boston-police-to-bolster-presence-before-marathon.html,Article,,Fallout,Jess Bidgood,U.S.,Y,,4/16/2014 21:32;
,4/17/2014,"His Win Obscured, Runner Left Mark Off the Course",http://www.nytimes.com/2014/04/18/sports/aiming-to-reclaim-a-marathon-triumph-made-irrelevant-by-tragedy.html,Article,,New Perspectives,Jeré Longman,Sports,Y,,4/17/2014 22:49;4/17/2014 20:58;4/17/2014 18:31;
,4/21/2014,"For Boston, a New Beginning After a Safe Ending to Its Marathon",http://www.nytimes.com/2014/04/22/us/boston-marathon.html,Article,,Analysis,Katharine Q. Seelye,U.S.,Y,,4/21/2014 23:1;4/21/2014 18:44;4/21/2014 14:33;4/21/2014 12:35;4/21/2014 10:32;4/21/2014 8:28;
,4/21/2014,"A Year Later, It's Old Glory in Boston Marathon",http://www.nytimes.com/2014/04/22/sports/meb-keflezighi-an-american-wins-boston-marathon.html,Article,,Analysis,Peter May,Sports,Y,,4/22/2014 3:11;4/21/2014 22:51;4/21/2014 21:4;4/21/2014 16:33;4/21/2014 14:30;
,4/21/2014,A Restorative Triumph After the Bomb Blasts,http://www.nytimes.com/2014/04/22/sports/a-restorative-triumph-after-the-bomb-blasts.html,Article,,New Perspectives,Jeré Longman,Sports,Y,,4/21/2014 22:46;
,4/26/2014,"Exhaustion Prevails, So Does Generosity",http://www.nytimes.com/2014/04/27/sports/boston-marathon-filled-with-a-compassionate-spirit.html,Article,,Analysis,Jeré Longman,Sports,Y,,4/26/2014 16:24;
,4/27/2014,Foursquare Chief Apologizes for Wife's Fake Boston Bib,http://thelede.blogs.nytimes.com/2014/04/27/foursquare-chief-apologizes-for-wifes-fake-boston-marathon-bib/,Article,,Fallout,Ashley Southall,The Lede,N,,4/27/2014 22:23:00
,5/13/2014,Judge Wants Trials for 3 in Bombing Case to Stay in Boston,http://www.nytimes.com/2014/05/14/us/judge-says-trial-could-move-for-3-in-boston-bombing-case.html,Article,,Fallout,Katharine Q. Seelye,U.S.,N,,
,5/20/2014,Massachusetts: 3-year Sentence for Theft from Marathon Fund,http://www.nytimes.com/2014/05/21/us/massachusetts-3-year-sentence-for-theft-from-marathon-fund.html,Article,,Fallout,Jess Bidgood,U.S.,N,,
,5/30/2014,Suspects' Friend Accused of Hindering Boston Bombing Inquiry,http://www.nytimes.com/2014/05/31/us/tsarnaev-friend-accused-of-obstructing-marathon-investigation.html,Article,,Fallout,Jess Bidgood,U.S.,Y,,5/30/2014 20:38;5/30/2014 20:19;5/30/2014 19:43;5/30/2014 19:25;5/30/2014 16:56;5/30/2014 15:45;5/30/2014 9:35;5/30/2014 9:16;
,6/11/2014,Massachusetts: Venue Change is Sought in Marathon Case,http://www.nytimes.com/2014/06/12/us/massachusetts-venue-change-is-sought-in-marathon-case.html,Article,,Fallout,Katharine Q. Seelye,U.S.,N,,6/12/2014 3:0;6/11/2014 23:2;
,6/18/2014,Boston Bombing Suspect Seeking Change of Trial Venue,http://www.nytimes.com/2014/06/19/us/boston-bombing-suspect-Dzhokhar-Tsarnaev-seeking-change-of-trial-venue.html,Article,,Fallout,Katharine Q. Seelye,U.S.,N,,6/18/2014 21:0;6/18/2014 14:50;6/18/2014 9:48;
,6/23/2014,Massachusetts: Men Get 3 Years for Theft from Marathon Fund,http://www.nytimes.com/2014/06/24/us/massachusetts-men-get-3-years-for-theft-from-marathon-fund.html,Article,,Fallout,Katharine Q. Seelye,U.S.,N,,6/24/2014 1:56;6/23/2014 22:8;6/23/2014 20:52;
,7/7/2014,Friend Says Boston Bombing Suspect Spoke of Building Bomb,http://www.nytimes.com/2014/07/08/us/at-trial-dzhokhar-tsarnaev-friend-accused-of-knowingly-discarding-evidence-in-boston-marathon-bombing.html,Article,,Fallout,Jess Bidgood,U.S.,N,,7/8/2014 2:45;7/7/2014 21:49;7/7/2014 15:42;7/7/2014 14:12;
,7/8/2014,Testimony in Boston Bomb Trial Focuses on Backpack,http://www.nytimes.com/2014/07/09/us/testimony-in-boston-bomb-trial-focuses-on-backpack.html,Article,,Fallout,Jess Bidgood,U.S.,N,,7/8/2014 22:3;
,7/17/2014,Massachusetts: Deliberations Delayed in Case Related to Marathon Bombing,http://www.nytimes.com/2014/07/18/us/massachusetts-deliberations-delayed-in-case-related-to-marathon-bombing.html,Article,,Fallout,AP,U.S.,N,,7/18/2014 2:7;7/17/2014 21:3;
,7/21/2014,Boston Bombing Suspect's Friend is Convicted of Conspiracy and Obstruction,http://www.nytimes.com/2014/07/22/us/jury-reaches-a-verdict-in-first-boston-bombing-trial.html,Article,,Fallout,Jess Bidgood,U.S.,Y,,7/21/2014 20:18;7/21/2014 14:23;7/21/2014 13:59;7/21/2014 13:40;7/21/2014 13:22;
,8/8/2014,Defense Seeks to Move Trial on Boston Marathon Bombing,http://www.nytimes.com/2014/08/09/us/defense-pushes-to-move-trial-location-on-marathon-bombing.html,Article,,Fallout,Katharine Q. Seelye,U.S.,Y,,8/8/2014 21:19;
,8/21/2014,Boston Suspect's Friend Changes Plea to Guilty,http://www.nytimes.com/2014/08/22/us/boston-marathon-bombing-suspect-plea.html,Article,,Fallout,Jess Bidgood,U.S.,Y,,8/21/2014 20:27;8/21/2014 19:40;8/21/2014 19:0;8/21/2014 9:39;8/21/2014 9:21;
,9/12/2014,"Accord Calls for Jury Pool of 2,000 in Boston Bombing Trial",http://www.nytimes.com/2014/09/13/us/agreement-calls-for-jury-pool-of-2000-in-boston-bombing-trial.html,Article,,Fallout,Katharine Q. Seelye,U.S.,N,,9/13/2014 1:41;9/12/2014 20:36;9/12/2014 15:2;
,9/24/2014,Marathon Bombings Trial Will Remain in Boston,http://www.nytimes.com/2014/09/25/us/trial-of-marathon-bombing-suspect-to-remain-in-boston-judge-rules.html,Article,,Fallout,Katharine Q. Seelye,U.S.,N,,9/25/2014 1:6;9/24/2014 21:16;9/24/2014 20:50;9/24/2014 19:47;
,10/16/2014,Surprise Witness in Marathon Bombing Trial: Dukakis,http://www.nytimes.com/politics/first-draft/2014/10/16/surprise-witness-in-marathon-bombing-trial-dukakis/,Article,,Fallout,Jess Bidgood,First Draft,Y,,10/16/2014 19:33:00
,10/16/2014,Massachusetts: Dukakis Testifies in Bomb Trial,http://www.nytimes.com/2014/10/17/us/massachusetts-dukakis-testifies-in-bomb-trial.html,Article,,Fallout,AP,U.S.,N,,10/17/2014 1:3;10/16/2014 21:3;
,10/17/2014,Does Everything Happen for a Reason,http://www.nytimes.com/2014/10/19/opinion/sunday/does-everything-happen-for-a-reason.html,Article,,Commentary,Konika Bannerjee and Paul Bloom,Opinion,Y,,10/17/2014 16:21;
,10/28/2014,Boston Bombings Suspect's Friend Convicted of Lying to the F.B.I.,http://www.nytimes.com/2014/10/29/us/robel-phillipos-friend-of-boston-marathon-bombing-suspect-is-found-guilty.html,Article,,Fallout,Timothy Williams,U.S.,Y,,10/28/2014 20:7;10/28/2014 13:45;10/28/2014 11:1;
,12/10/2014,"Why We Tortured, and Why We Shouldn't",http://douthat.blogs.nytimes.com/2014/12/10/why-we-tortured-why-we-shouldnt/,Article,,Commentary,Ross Douthat,Opinion,N,,12/10/2014 12:28:00
,12/18/2014,Packed Courtroom Sets Stage for Boston Bombing Suspect's Trial,http://www.nytimes.com/2014/12/19/us/man-charged-in-boston-marathon-bombings-to-appear-in-court.html,Article,,Fallout,Katharine Q. Seelye,U.S.,Y,,1/1/2015 4:57;
,12/23/2014,Boston: Delay Sought in Bombing Trial,http://www.nytimes.com/2014/12/24/us/boston-delay-sought-in-bombing-trial.html,Article,,Fallout,AP,U.S.,N,,1/1/2015 6:56;
,12/31/2014,Boston Marathon Bombing Suspect Is Denied Trial Change,http://www.nytimes.com/2015/01/01/us/dzhokhar-tsarnaev-loses-court-ruling.html,Article,,Fallout,AP,U.S.,N,,1/1/2015 12:13;
,12/31/2014,Massachusetts: New Effort to Move Bombings Trial,http://www.nytimes.com/2015/01/01/us/massachusetts-new-effort-to-move-bombings-trial.html,Article,,Fallout,Katharine Q. Seelye,U.S.,N,,1/3/2015 6:21;1/1/2015 10:18;1/1/2015 12:19;
,1/1/2015,Boston Marathon Bombing: What We Know,http://www.nytimes.com/2015/01/02/us/boston-marathon-bombings-trial-what-you-need-to-know.html,Article,,Analysis,Diantha Parker and Jess Bidgood,U.S.,Y,,1/5/2015 11:9;1/5/2015 10:1;1/1/2015 22:5;
,1/1/2015,"Boston Is Eager to Begin Marathon Bombing Trial, and to End It",http://www.nytimes.com/2015/01/02/us/boston-is-eager-to-begin-marathon-bombing-trial-and-to-end-it.html,Article,,New Perspectives,Katharine Q. Seelye,U.S.,Y,,1/3/2015 12:55;1/2/2015 2:7;1/2/2015 12:7;1/1/2015 22:7;
,1/3/2015,Change of Venue Denied for Boston Marathon Bombing Suspect,http://www.nytimes.com/2015/01/04/us/change-of-venue-denied-for-boston-marathon-bombing-suspect.html,Article,,Fallout,Katharine Q. Seelye,U.S.,N,,1/3/2015 22:10;1/3/2015 20:10;1/3/2015 18:9;
,1/5/2015,Judge Gives Rules at Start of Boston Marathon Bombing Trial,http://www.nytimes.com/2015/01/06/us/boston-marathon-bombing-trial-dzhokhar-tsarnaev-jury-selection.html,Article,,Fallout,Katharine Q. Seelye and Richard A. Oppel Jr,U.S.,Y,,1/7/2015 12:37;1/6/2015 13:21;1/5/2015 22:53;1/5/2015 18:33;1/5/2015 16:38;1/5/2015 12:29;
,1/7/2015,Massachusetts: Prospective Jurors Screened for Trial of Dzokhar Tsarnaev,http://www.nytimes.com/2015/01/08/us/massachusetts-prospective-jurors-screened-for-trial-of-dzhokhar-tsarnaev.html,Article,,Fallout,Jess Bidgood,U.S.,N,,1/7/2015 22:33;
,1/12/2015,Massachusetts: Friend of Tsarnaev's Is to Plead Guilty,http://www.nytimes.com/2015/01/13/us/massachusetts-friend-of-tsarnaevs-is-to-plead-guilty-.html,Article,,Fallout,AP,U.S.,N,,1/13/2015 1:54;1/12/2015 20:49;
,1/12/2015,Paris Attacks Expected to Influence Boston Trial,http://www.nytimes.com/2015/01/13/us/paris-attacks-expected-to-influence-boston-trial.html,Article,,Analysis,Katharine Q. Seelye,U.S.,N,,1/13/2015 2:11;1/12/2015 21:7;
,1/13/2015,Defense Asks for a Delay in Boston Bombings Trial,http://www.nytimes.com/2015/01/14/us/defense-asks-for-delay-in-boston-bombings-trial.html,Article,,Fallout,Katharine Q. Seelye,U.S.,N,,1/23/2015 21:17;
,1/14/2015,Boston Marathon Bombing Trial to Proceed as Scheduled,http://www.nytimes.com/2015/01/15/us/dzhokhar-tsarnaev-boston-marathon-bombing-trial.html,Article,,Fallout,Katharine Q. Seelye,U.S.,Y,,1/23/2015 21:25;
,1/15/2015,Court Winnows Jury Pool in Boston Marathon Bombing Trial,http://www.nytimes.com/2015/01/16/us/dzhokhar-tsarnaev-boston-marathon-bombing-jury-trial.html,Article,,Fallout,Katharine Q. Seelye,U.S.,Y,,1/23/2015 21:49;
,1/16/2015,Jury Selection for Tsarnaev Trial in Boston Sees Emotions Come to Fore,http://www.nytimes.com/2015/01/17/us/emotions-come-to-fore-in-boston-jury-selection.html,Article,,Analysis,Katharine Q. Seelye,U.S.,N,,1/23/2015 18:59;
,1/21/2015,"After a Tragedy, the Memorabilia",http://www.nytimes.com/2015/01/22/fashion/after-a-tragedy-like-the-charlie-hebdo-shooting-come-the-products.html,Article,,New Perspectives,Vanessa Friedman,Fashion,Y,,1/23/2015 20:27;
,1/22/2015,Surveys Show Bias of Potential Jury Members in Boston Bombing Trial,http://www.nytimes.com/2015/01/23/us/boston-marathon-case-surveys-tell-of-troubles-in-selection-of-a-jury.html,Article,,Analysis,Katharine Q. Seelye,U.S.,Y,,1/23/2015 18:40;
,1/23/2015,Is the Defendant White or Not?,http://www.nytimes.com/2015/01/25/opinion/sunday/is-the-defendant-white-or-not.html,Article,,Commentary,Nour Kteily and Sarah Cotterill,Opinion,Y,,1/23/2015 18:34;
,1/26/2015,Massachusetts: Judge Unfazed by Pace of Bomb Trial,http://www.nytimes.com/2015/01/27/us/massachusetts-judge-unfazed-by-pace-of-bomb-trial.html,Article,,Fallout,AP,U.S.,N,,1/27/2015 12:15;1/26/2015 23:26;
,1/28/2015,Finding Out Who Shoveled the Boston Marathon Finish Line,http://www.nytimes.com/2015/01/29/us/finding-out-who-shoveled-the-boston-marathon-finish-line.html,Article,,New Perspectives,Katharine Q. Seelye,U.S.,Y,,1/29/2015 10:40;1/29/2015 12:30;1/28/2015 22:29;
,2/6/2015,Massachusetts: Bid to Move Bombing Trial Is Rejected,http://www.nytimes.com/2015/02/07/us/massachusetts-bid-to-move-bombing-trial-is-rejected.html,Article,,Fallout,AP,U.S.,N,,2/7/2015 2:38;2/6/2015 20:17;
,2/12/2015,U.S. Court to Hear Tsarnaev's Bid to Move Bombing Trial Out of Boston,http://www.nytimes.com/2015/02/13/us/boston-marathon-dzhokhar-tsarnaev-trial.html,Article,,Fallout,Katharine Q. Seelye,U.S.,Y,,2/13/2015 1:22;2/12/2015 21:19;2/12/2015 16:16;2/12/2015 11:40;
,2/19/2015,Tsarnaev's Lawyers in Boston Bombing Trial Ask for Change of Venue,http://www.nytimes.com/2015/02/20/us/tsarnaevs-lawyers-in-boston-bombing-trial-to-ask-for-change-of-venue.html,Article,,Fallout,Katharine Q. Seelye,U.S.,Y,,2/19/2015 20:17;2/19/2015 16:11;2/19/2015 13:54;2/19/2015 11:39;2/19/2015 7:21;
,2/25/2015,Massachusetts: Opening Is Set in Boston Marathon Bombings Trial,http://www.nytimes.com/2015/02/26/us/massachusetts-opening-is-set-in-boston-marathon-bombings-trial.html,Article,,Fallout,Katharine Q. Seelye,U.S.,N,,2/26/2015 2:52;2/25/2015 22:58;
,2/26/2015,Massachusetts: Jury Selection Disrupted,http://www.nytimes.com/2015/02/27/us/massachusetts-jury-selection-disrupted.html,Article,,Fallout,AP,U.S.,N,,2/26/2015 20:35;
,2/28/2015,U.S. Appeals Court Rejects Fifth Attempt to Move Boston Marathon Bombing Trial,http://www.nytimes.com/2015/03/01/us/us-appeals-court-rejects-fifth-attempt-to-move-boston-marathon-bombing-trial.html,Article,,Fallout,Katharine Q. Seelye,U.S.,N,,2/28/2015 19:50;
,3/2/2015,Massachusetts: Boat Is Subject of Sparring in Bombing Case,http://www.nytimes.com/2015/03/03/us/massachusetts-boat-is-subject-of-sparring-in-bombing-case.html,Article,,Fallout,Jess Bidgood,U.S.,N,,3/3/2015 1:21;3/2/2015 22:38;3/2/2015 22:11;
,3/3/2015,Jurors Chosen for Dzokhar Tsarnaev's Trial in Boston Marathon Bombings,http://www.nytimes.com/2015/03/04/us/boston-marathon-bombing-trial.html,Article,,Fallout,Katharine Q. Seelye,U.S.,N,,3/3/2015 22:7;3/3/2015 21:3;3/3/2015 16:58;3/3/2015 15:58;3/3/2015 15:2;3/3/2015 8:11;3/3/2015 7:51;
,3/4/2015,Opposing Pictures of Tsarnaev at Boston Marathon Bombing Trial,http://www.nytimes.com/2015/03/05/us/boston-bombing-trial-opens-almost-two-years-after-attack.html,Article,,Major Update,Katharine Q. Seelye and Richard A. Oppel Jr,U.S.,Y,,3/4/2015 22:37;3/4/2015 21:22;3/4/2015 16:34;3/4/2015 14:20;3/4/2015 13:31;3/4/2015 12:36;
,3/5/2015,Accounts of Heartbreak in Tsarnaev Trial as Victims of Boston Marathon Bombings Testify,http://www.nytimes.com/2015/03/06/us/-dzhokhar-tsarnaev-boston-marathon-bombing-trial-jeff-bauman.html,Article,,New Perspectives,Katherine Q. Seelye and Jess Bidgood,U.S.,Y,,3/5/2015 22:22;3/5/2015 20:55;3/5/2015 20:24;3/5/2015 16:27;3/5/2015 12:17;3/5/2015 11:55;
,3/9/2015,Videos at Tsarnaev Trial Show Carnage and Suspects in Boston Marathon Bombings,http://www.nytimes.com/2015/03/10/us/videos-at-trial-capture-carnage-and-perpetrators-of-boston-marathon-bombing.html,Article,,Fallout,Richard A. Oppel Jr.,U.S.,N,,3/9/2015 21:47;3/9/2015 17:40;
,3/10/2015,Boston Marathon Bombing Jury Sees a Bullet-Pocked Message,http://www.nytimes.com/2015/03/11/us/boston-marathon-bombing-jury-sees-a-bullet-pocked-message.html,Article,,Fallout,Richard A. Oppel Jr.,U.S.,Y,,3/10/2015 21:33;
,3/11/2015,Bicyclist Describes Scene of Officer's Shooting in Boston Marathon trial,http://www.nytimes.com/2015/03/12/us/bicyclist-describes-scene-of-officers-shooting-in-boston-marathon-trial.html,Article,,Fallout,Richard A. Oppel Jr.,U.S.,N,,3/11/2015 22:39;
,3/12/2015,Jurors Hear Harrowing Account of Boston Bombers' Hostage,http://www.nytimes.com/2015/03/13/us/jurors-hear-harrowing-account-of-boston-marathon-bombers-hostage.html,Article,,Fallout,Richard A. Oppel Jr.,U.S.,N,,3/13/2015 2:18;3/12/2015 22:13;3/12/2015 21:51;
,3/13/2015,Defense in Marathon Bombing has Echo of Clarence Darrow,http://www.nytimes.com/2015/03/14/us/dzhokhar-tsarnaev-boston-marathon-bombing-defense-strategy.html,Article,,Fallout,Katharine Q. Seelye,U.S.,Y,,3/14/2015 12:55;3/13/2015 20:31;3/13/2015 10:41;3/13/2015 9:29;3/13/2015 7:28;
,3/16/2015,Police Recall Dodging as Marathon Bombing Suspect Ran Over Brother,http://www.nytimes.com/2015/03/17/us/police-recall-dodging-as-marathon-bombing-suspect-ran-over-brother.html,Article,,Fallout,Katharine Q. Seelye,U.S.,Y,,3/16/2015 22:40;3/16/2015 21:57;
,3/17/2015,Lawyers in Boston Marathon Bombing Steer Blame to Brother,http://www.nytimes.com/2015/03/18/us/lawyers-for-suspect-in-boston-marathon-bombing-steer-blame-to-brother.html,Article,,Fallout,Richard A. Oppel Jr. and Jess Bidgood,U.S.,Y,,3/17/2015 23:27;
,3/23/2015,"Most Boston Residents Prefer Life Term Over Death Penalty in Marathon Case, Poll Shows",http://www.nytimes.com/2015/03/24/us/most-boston-residents-prefer-life-term-over-death-penalty-in-marathon-case-poll-shows.html,Article,,Analysis,Katharine Q. Seelye,U.S.,Y,,3/23/2015 20:20;3/23/2015 17:28;3/23/2015 15:8;
,3/24/2015,"Boston Justice, and All That Jazz",http://www.nytimes.com/times-insider/2015/03/24/boston-justice-and-all-that-jazz/,Article,,New Perspectives,Katharine Q. Seelye,Times Insider,Y,,3/24/2015 10:33:00
,3/24/2015,Massachusetts: Bomb Suspect's Friend Pleads Guilty to Lying to Investigators,http://www.nytimes.com/2015/03/25/us/massachusetts-bomb-suspects-friend-pleads-guilty-to-lying-to-investigators.html,Article,,Fallout,AP,U.S.,N,,3/25/2015 3:7;3/24/2015 20:53;
,3/29/2015,Question in Boston Bombing Trial: For Tsarnaev to Testify or Not,http://www.nytimes.com/2015/03/30/us/experts-weigh-in-on-merits-of-letting-tsarnaev-testify-in-marathon-bombing-trial.html,Article,,Analysis,Katharine Q. Seelye,U.S.,Y,,3/29/2015 21:58;3/29/2015 20:16;3/29/2015 18:43;3/29/2015 12:41;3/29/2015 12:10;3/29/2015 10:21;
,3/30/2015,Review: 'The Brothers' and the Boston Marathon Bombing,http://www.nytimes.com/2015/03/31/books/review-the-brothers-and-the-boston-marathon-bombing.html,Article,,Commentary,Michiko Kakutani,Book Review,Y,,4/3/2015 12:11;3/31/2015 1:20;3/30/2015 18:2;
,3/30/2015,Prosecution in Boston Marathon Trial Closes with Raw Details of Killings,http://www.nytimes.com/2015/03/31/us/prosecution-in-boston-marathon-trial-closes-with-raw-details-of-killings.html,Article,,Fallout,Katharine Q. Seelye,U.S.,N,,3/30/2015 21:37;
,3/31/2015,Getting a Good View of the Boston Marathon,http://www.nytimes.com/2015/03/31/travel/getting-a-good-view-of-the-boston-marathon.html,Article,,Fallout,Emily Brennan,Travel,Y,,4/10/2015 11:4;3/31/2015 11:1;
,3/31/2015,Defense Rests in Boston Marathon Bombing Trial After Just 4 Witnesses,http://www.nytimes.com/2015/04/01/us/in-first-phase-of-boston-marathon-bombing-trial-defense-rests-after-just-four-witnesses.html,Article,,Fallout,Katharine Q. Seelye,U.S.,N,,3/31/2015 20:34;
,4/1/2015,Mark Wahlberg to Help Produce Film on Boston Marathon Bombing,http://artsbeat.blogs.nytimes.com/2015/04/01/mark-wahlberg-to-help-produce-film-on-boston-marathon-bombing/,Article,,Fallout,Stephanie Goodman,ArtsBeat,Y,,4/1/2015 13:49:00
,4/3/2015,Report Details Flawed Law Enforcement Response to Marathon Bombings,http://www.nytimes.com/2015/04/04/us/report-details-flawed-law-enforcement-response-to-marathon-bombings.html,Article,,Fallout,Richard A. Oppel Jr.,U.S.,N,,4/3/2015 21:2;
,4/7/2015,Boston Marathon Bombing Trial Wraps Up With Clashing Portraits of Naïveté and Extremism,http://www.nytimes.com/2015/04/07/us/dzhokhar-tsarnaev-boston-marathon-bombing-closing-statements.html,Article,,Fallout,KATHARINE Q. SEELYE and RICHARD A. OPPEL Jr,US,Y,,4/6/2015 21:20;4/6/2015 17:19;4/6/2015 16:5;4/6/2015 14:45;4/6/2015 13:11;4/6/2015 12:41;4/6/2015 11:59;4/6/2015 10:6;4/6/2015 5:11;
,4/8/2015,Massachusetts: Boston Marathon Bombing Jury Continues Talks,http://www.nytimes.com/2015/04/08/us/massachusetts-boston-marathon-bombing-jury-continues-talks.html,Article,,Fallout,JESS BIDGOOD,US,N,,4/7/2015 20:11;
,4/9/2015,Dzhokhar Tsarnaev Is Guilty on All 30 Counts in Boston Marathon Bombing,http://www.nytimes.com/2015/04/09/us/dzhokhar-tsarnaev-verdict-boston-marathan-bombing-trial.html,Article,,Major Update,KATHARINE Q. SEELYE,US,Y,,4/9/2015 2:46;4/8/2015 22:3;4/8/2015 17:46;4/8/2015 16:57;4/8/2015 15:20;4/8/2015 14:50;4/8/2015 14:15;4/8/2015 13:41;
,4/9/2015,Boston Marathon Jury Goes Into Second Day of Deliberations on Dzhokhar Tsarnaev,http://www.nytimes.com/2015/04/09/us/boston-marathon-jury-goes-into-second-day-of-deliberations-on-dzhokhar-tsarnaev.html,Article,,Fallout,RICHARD A. OPPEL Jr,US,Y,,4/8/2015 12:3;
,4/9/2015,"In the Boston Marathon Bombing, a Verdict, but Few Answers",http://www.nytimes.com/2015/04/09/opinion/in-the-boston-marathon-bombing-dzhokhar-tsarnaev-verdict-but-few-answers.html,Article,,Commentary,MASHA GESSEN,Opinion,Y,,4/8/2015 20:11;
,4/10/2015,Book Review Podcast: Masha Gessen’s ‘The Brothers’,http://artsbeat.blogs.nytimes.com/2015/04/10/book-review-podcast-masha-gessens-the-brothers/,Article,,Fallout,JOHN WILLIAMS,Arts,Y,,4/10/2015 14:31:00
,4/11/2015,Massachusetts: Sentencing Phase Set in Marathon Trial,http://www.nytimes.com/2015/04/11/us/massachusetts-sentencing-phase-set-in-marathon-trial.html,Article,,Fallout,KATHARINE Q. SEELYE,US,N,,4/11/2015 1:42;4/10/2015 23:31;
,4/12/2015,"‘The Brothers,’ Masha Gessen’s Book About the Boston Marathon Bombers",http://www.nytimes.com/2015/04/12/books/review/the-brothers-masha-gessens-book-about-the-boston-marathon-bombers.html,Article,,Fallout,JANET NAPOLITANO,Book Review,Y,,4/10/2015 20:4;4/7/2015 9:57;
,4/16/2015,"Celebrating Boston Marathon, While Honoring Victims’ Memory",http://www.nytimes.com/2015/04/16/us/a-marathon-thats-far-more-than-a-rite-of-spring.html,Article,,Fallout,KATHARINE Q. SEELYE,US,Y,,4/15/2015 22:10;4/15/2015 21:51;4/15/2015 14:36;4/15/2015 9:34;4/15/2015 5:30;
,4/18/2015,Parents of Youngest Boston Marathon Victim Oppose Death Penalty for Tsarnaev,http://www.nytimes.com/2015/04/18/us/martin-richard-boston-marathon-bombing.html,Article,,New Perspectives,KATHARINE Q. SEELYE,US,Y,,4/17/2015 23:45;4/17/2015 20:57;4/17/2015 17:10;4/17/2015 13:6;4/17/2015 11:40;
,4/22/2015,Penalty Phase Opens With Image of Boston Marathon Bomber Making Obscene Gesture,http://www.nytimes.com/2015/04/22/us/victims-in-boston-marathon-bombings-are-split-on-death-penalty.html,Article,,Fallout,KATHARINE Q. SEELYE,US,Y,,4/21/2015 22:4;4/21/2015 20:59;4/21/2015 15:41;4/21/2015 14:7;4/21/2015 13:48;4/21/2015 13:11;4/21/2015 12:53;4/21/2015 11:21;4/21/2015 5:10;
,4/23/2015,"After Jury Sees Gesture by Boston Marathon Bomber, Defense Tries to Blunt Its Meaning",http://www.nytimes.com/2015/04/23/us/tsarnaevs-obscene-gesture-confirms-his-defiance-boston-marathon-jury-is-told.html,Article,,Fallout,KATHARINE Q. SEELYE,US,N,,4/22/2015 21:5;4/22/2015 19:8;4/22/2015 18:29;
,4/24/2015,Boston Marathon Prosecution Lets Victims Cap Case,http://www.nytimes.com/2015/04/24/us/boston-marathon-prosecution-lets-victims-cap-case.html,Article,,Fallout,KATHARINE Q. SEELYE,US,N,,4/24/2015 10:48;4/24/2015 2:34;4/23/2015 21:30;
,4/28/2015,Tsarnaev’s Lawyers Focus on Chaotic Upbringing in Case Against Death Penalty,http://www.nytimes.com/2015/04/28/us/dzhokhar-tsarnaevs-lawyers-prepare-to-argue-against-death-penalty.html,Article,,Fallout,KATHARINE Q. SEELYE,US,N,,4/27/2015 22:49;4/27/2015 20:56;4/27/2015 14:56;4/27/2015 13:36;4/27/2015 12:58;4/27/2015 11:43;4/27/2015 11:20;4/27/2015 10:6;4/27/2015 5:12;
,4/29/2015,Massachusetts: Testimony on Boston Bomber’s Sister-In-Law,http://www.nytimes.com/2015/04/29/us/massachusetts-testimony-on-boston-bombers-sister-in-law.html,Article,,Fallout,KATHARINE Q. SEELYE,US,N,,4/29/2015 2:24;4/29/2015 1:9;4/28/2015 23:53;
,4/30/2015,Massachusetts: Witnesses Recall a Young Dzhokhar Tsarnaev,http://www.nytimes.com/2015/04/30/us/massachusetts-witnesses-recall-a-young-dzhokhar-tsarnaev.html,Article,,Fallout,JESS BIDGOOD,US,N,,4/29/2015 22:38;
,5/5/2015,Dzhokhar Tsarnaev Weeps as Relatives Try to Spare Him,http://www.nytimes.com/2015/05/05/us/russian-relatives-weep-as-jury-is-urged-to-spare-dzhokhar-tsarnaev-in-the-boston-marathon-bombing-trial.html,Article,,Fallout,KATHARINE Q. SEELYE,US,N,,5/5/2015 14:4;5/4/2015 21:53;5/4/2015 16:52;5/4/2015 15:47;
,5/7/2015,Ex-Prisons Official Testifies in Boston in Defense Effort to Spare Life of Bomber,http://www.nytimes.com/2015/05/07/us/ex-prisons-official-testifies-in-boston-in-defense-effort-to-spare-life-of-bomber.html,Article,,Fallout,KATHARINE Q. SEELYE,US,N,,5/6/2015 21:52;5/6/2015 20:53;5/6/2015 20:35;
,5/18/2015,Dispute Over Witnesses Interrupts Boston Marathon Trial,http://www.nytimes.com/2015/05/08/us/dispute-over-witnesses-interrupts-boston-marathon-bombing-trial.html,Article,,Fallout,KATHARINE Q. SEELYE,US,N,,5/7/2015 19:58;5/7/2015 19:38;
,5/11/2015,Friendships Arising From Boston Marathon Horror Offer Solace,http://www.nytimes.com/2015/05/11/us/friendships-arising-from-boston-marathon-horror-offer-solace.html,Article,,New Perspectives,JESS BIDGOOD and SAMANTHA STOREY,US,Y,,5/10/2015 21:48;5/10/2015 17:46;5/10/2015 14:59;
,5/12/2015,"Tsarnaev Expressed Sympathy for Boston Bombing Victims, Sister Helen Prejean Says",http://www.nytimes.com/2015/05/12/us/sister-helen-prejean-says-tsarnaev-shows-remorse-for-boston-bombing.html,Article,,Fallout,KATHARINE Q. SEELYE,US,Y,,5/11/2015 23:46;5/11/2015 16:17;5/11/2015 13:54;
,5/13/2015,Death Penalty for Bomber?,http://www.nytimes.com/2015/05/13/opinion/death-penalty-for-bomber.html,Article,,Commentary,Readers,Opinion,N,,5/13/2015 3:50;
,5/14/2015,Boston Jury Begins to Consider Sentence for Marathon Bomber,http://www.nytimes.com/2015/05/14/us/boston-marathon-bombing-trial-dzhokhar-tsarnaev.html,Article,,Fallout,KATHARINE Q. SEELYE,US,Y,,5/13/2015 21:23;5/13/2015 17:37;5/13/2015 17:21;5/13/2015 17:2;5/13/2015 15:51;5/13/2015 12:0;5/13/2015 10:43;
,5/15/2015,Massachusetts: Jurors Continue Work in Marathon Bombing Case,http://www.nytimes.com/2015/05/15/us/massachusetts-jurors-continue-work-in-marathon-bombing-case.html,Article,,Fallout,JESS BIDGOOD,US,N,,5/15/2015 1:49;5/14/2015 21:47;
,5/16/2015,10 Striking Moments From the Boston Marathon Bombing Trial,http://www.nytimes.com/2015/05/16/us/boston-marathon-bombing-trial-10-important-moments.html,Article,,Explainer,KATHARINE Q. SEELYE,US,Y,,5/15/2015 21:6;5/15/2015 20:30;5/15/2015 18:58;5/15/2015 18:2;5/15/2015 16:44;5/15/2015 15:44;
,5/16/2015,Victims Find Solace and Sorrow in Boston Verdict and Are Ready to Move On,http://www.nytimes.com/2015/05/16/us/boston-bombing-survivors-are-pleased-with-verdict-and-ready-to-move-on.html,Article,,Fallout,JESS BIDGOOD and RICHARD A. OPPEL Jr,US,Y,,5/15/2015 22:53;5/15/2015 22:33;5/15/2015 20:40;5/15/2015 19:28;
,5/16/2015,Dzhokhar Tsarnaev Given Death Penalty in Boston Marathon Bombing,http://www.nytimes.com/2015/05/16/us/dzhokhar-tsarnaev-death-sentence.html,Article,,Major Update,KATHARINE Q. SEELYE,US,Y,,5/16/2015 5:46;5/16/2015 1:55;5/15/2015 22:0;5/15/2015 21:24;5/15/2015 20:14;5/15/2015 18:58;5/15/2015 18:2;5/15/2015 17:24;5/15/2015 17:4;5/15/2015 16:23;5/15/2015 16:3;5/15/2015 15:44;
,5/17/2015,"Death Sentence for Boston Bomber, Dzhokhar Tsarnaev, Unsettles City He Tore Apart",http://www.nytimes.com/2015/05/17/us/death-sentence-for-boston-bomber-dzhokhar-tsarnaev-unsettles-city-he-tore-apart.html,Article,,Major Update,"KATHARINE Q. SEELYE, ABBY GOODNOUGH and JESS BIDGOOD",US,Y,,5/19/2015 21:35;5/19/2015 19:49;5/16/2015 18:59;5/16/2015 16:17;5/16/2015 12:22;
,5/18/2015,Death Penalty for Dzhokhar Tsarnaev in the Boston Marathon Bombing,http://www.nytimes.com/2015/05/18/opinion/death-penalty-for-dzhokhar-tsarnaev-in-the-boston-marathon-bombing.html,Article,,Commentary,Readers,Opinion,N,,5/17/2015 12:33;
,5/20/2015,"Boston Marathon Bomber to Be Formally Sentenced in June, but Process Is Far From Over",http://www.nytimes.com/2015/05/20/us/boston-marathon-bomber-to-be-formally-sentenced-in-june-but-process-is-far-from-over.html,Article,,Fallout,KATHARINE Q. SEELYE,US,N,,5/19/2015 21:3;
,5/21/2015,Chechen Leader Scolds WhatsApp Users for Spreading ‘Rumors’ About Official’s Wedding,http://www.nytimes.com/2015/05/21/world/europe/chechen-leader-scolds-whatsapp-users-for-spreading-rumors-about-officials-wedding.html?ref=topics,Article,,Fallout,ROBERT MACKEY,Europe,Y,,5/21/2015 16:10;5/21/2015 14:15;5/21/2015 12:36;5/21/2015 11:22;5/20/2015 17:36;
,5/29/2015,Massachusetts: Sentencing Date Is Set for Boston Bomber,http://www.nytimes.com/2015/05/29/us/massachusetts-sentencing-date-is-set-for-boston-bomber.html?ref=topics,Article,,Fallout,KATHARINE Q. SEELYE,US,N,,5/29/2015 2:20;5/28/2015 20:10;
,6/3/2015,"Prosecutor Says Police, Not Boston Bombers, Probably Shot Transit Officer",http://www.nytimes.com/2015/06/03/us/prosecutor-says-police-not-boston-bombers-probably-shot-transit-officer.html?ref=topics,Article,,Fallout,KATHARINE Q. SEELYE and JESS BIDGOOD,US,Y,,6/2/2015 19:30;6/2/2015 19:13;6/2/2015 17:54;
,6/6/2015,Massachusetts: Bomber’s Friends Sentenced,http://www.nytimes.com/2015/06/06/us/massachusetts-bombers-friends-sentenced.html?ref=topics,Article,,Fallout,THE ASSOCIATED PRESS,US,N,,6/5/2015 21:2;
,6/16/2015,Boston Muslims Struggle to Wrest Image of Islam From Terrorists,http://www.nytimes.com/2015/06/16/us/boston-muslims-struggle-to-wrest-image-of-islam-from-terrorists.html?ref=topics,Article,,Analysis,SCOTT SHANE,US,Y,,6/16/2015 1:55;6/15/2015 22:11;6/15/2015 21:47;6/15/2015 11:20;
,6/19/2015,Massachusetts: Friend of Tamerlan Tsarnaev Sentenced for Misleading Boston Marathon Investigators,http://www.nytimes.com/2015/06/19/us/massachusetts-friend-of-tamerlan-tsarnaev-sentenced-for-misleading-boston-marathon-investigators.html?ref=topics,Article,,Fallout,THE ASSOCIATED PRESS,US,N,,6/19/2015 1:58;6/18/2015 21:57;
,6/24/2015,Tweets From the Courtroom: Boston Marathon Bombing Victims and Families Address Tsarnaev,http://www.nytimes.com/2015/06/24/us/boston-marathon-bombing-victims-and-families-address-dzhokhar-tsarnaev.html?ref=topics,Article,,New Perspectives,THE NEW YORK TIMES,US,Y,,6/24/2015 14:51;6/24/2015 14:28;6/24/2015 14:11;6/24/2015 13:51;6/24/2015 13:33;6/24/2015 13:15;6/24/2015 12:17;6/24/2015 11:37;6/24/2015 11:19;
,6/25/2015,"Breaking Silence, Dzhokhar Tsarnaev Apologizes for Boston Marathon Bombing",http://www.nytimes.com/2015/06/25/us/boston-marathon-bombing-dzhokhar-tsarnaev.html?ref=topics,Article,,Major Update,KATHARINE Q. SEELYE and JESS BIDGOOD,US,Y,,6/25/2015 12:14;6/24/2015 23:13;6/24/2015 22:34;6/24/2015 21:55;6/24/2015 21:35;6/24/2015 17:49;6/24/2015 17:24;6/24/2015 17:1;6/24/2015 16:18;6/24/2015 14:42;6/24/2015 14:19;
,7/7/2015,New Trial Requested for Boston Marathon Bomber,http://www.nytimes.com/2015/07/07/us/new-trial-requested-for-boston-marathon-bomber.html?ref=topics,Article,,Fallout,JESS BIDGOOD,US,N,,7/7/2015 1:59;7/6/2015 21:0;
,7/18/2015,Massachusetts: Marathon Bomber Moved to Highest-Security Prison,http://www.nytimes.com/2015/07/18/us/massachusetts-marathon-bomber-moved-to-highest-security-prison.html?ref=topics&_r=0,Article,,Fallout,The Associated Press,US,N,,7/18/2015 3:43;7/17/2015 21:40;